game,day,CDA.ask.accepted.quantity,CDA.bid.accepted.quantity,CH.ask.accepted.quantity,CH.bid.accepted.quantity,CDA.ask.accepted.price.min,CDA.bid.accepted.price.min,CH.ask.accepted.price.min,CH.bid.accepted.price.min,CDA.ask.accepted.price.max,CDA.bid.accepted.price.max,CH.ask.accepted.price.max,CH.bid.accepted.price.max,CDA.ask.accepted.price.mean,CDA.bid.accepted.price.mean,CH.ask.accepted.price.mean,CH.bid.accepted.price.mean,CDA.ask.accepted.price.stdev,CDA.bid.accepted.price.stdev,CH.ask.accepted.price.stdev,CH.bid.accepted.price.stdev,CDA.transaction.quantity,CH.transaction.quantity,CDA.transaction.price.min,CH.transaction.price.min,CDA.transaction.price.max,CH.transaction.price.max,CDA.transaction.price.mean,CH.transaction.price.mean,CDA.transaction.price.stdev,CH.transaction.price.stdev
0,0,+0.000,+0.000,+0.000,+0.000,NaN,NaN,NaN,NaN,NaN,NaN,NaN,NaN,NaN,NaN,NaN,NaN,NaN,NaN,NaN,NaN,+0.000,+0.000,NaN,NaN,NaN,NaN,NaN,NaN,NaN,NaN
0,1,+0.000,+0.000,+0.000,+0.000,NaN,NaN,NaN,NaN,NaN,NaN,NaN,NaN,NaN,NaN,NaN,NaN,NaN,NaN,NaN,NaN,+0.000,+0.000,NaN,NaN,NaN,NaN,NaN,NaN,NaN,NaN
0,2,+0.000,+0.000,+0.000,+0.000,NaN,NaN,NaN,NaN,NaN,NaN,NaN,NaN,NaN,NaN,NaN,NaN,NaN,NaN,NaN,NaN,+0.000,+0.000,NaN,NaN,NaN,NaN,NaN,NaN,NaN,NaN
0,3,+0.000,+0.000,+0.000,+0.000,NaN,NaN,NaN,NaN,NaN,NaN,NaN,NaN,NaN,NaN,NaN,NaN,NaN,NaN,NaN,NaN,+0.000,+0.000,NaN,NaN,NaN,NaN,NaN,NaN,NaN,NaN
0,4,+0.000,+0.000,+0.000,+0.000,NaN,NaN,NaN,NaN,NaN,NaN,NaN,NaN,NaN,NaN,NaN,NaN,NaN,NaN,NaN,NaN,+0.000,+0.000,NaN,NaN,NaN,NaN,NaN,NaN,NaN,NaN
0,5,+0.000,+0.000,+0.000,+0.000,NaN,NaN,NaN,NaN,NaN,NaN,NaN,NaN,NaN,NaN,NaN,NaN,NaN,NaN,NaN,NaN,+0.000,+0.000,NaN,NaN,NaN,NaN,NaN,NaN,NaN,NaN
0,6,+0.000,+0.000,+3.000,+3.000,NaN,NaN,+96.462,+100.363,NaN,NaN,+99.365,+101.014,NaN,NaN,+98.058,+100.749,NaN,NaN,+1.202,+0.279,+0.000,+3.000,NaN,+98.666,NaN,+99.864,NaN,+99.403,NaN,+0.527
0,7,+3.000,+3.000,+1.000,+1.000,+104.068,+126.160,+105.171,+118.604,+125.415,+126.160,+105.171,+118.604,+117.517,+126.160,+105.171,+118.604,+9.558,+0.000,+0.000,+0.000,+3.000,+1.000,+115.114,+105.752,+125.787,+105.752,+121.838,+105.752,+4.779,+0.000
0,8,+0.000,+0.000,+0.000,+0.000,NaN,NaN,NaN,NaN,NaN,NaN,NaN,NaN,NaN,NaN,NaN,NaN,NaN,NaN,NaN,NaN,+0.000,+0.000,NaN,NaN,NaN,NaN,NaN,NaN,NaN,NaN
0,9,+0.000,+0.000,+2.000,+2.000,NaN,NaN,+100.032,+105.934,NaN,NaN,+100.509,+109.241,NaN,NaN,+100.271,+107.588,NaN,NaN,+0.239,+1.653,+0.000,+2.000,NaN,+100.271,NaN,+101.273,NaN,+100.772,NaN,+0.501
0,10,+0.000,+0.000,+6.000,+6.000,NaN,NaN,+97.768,+98.866,NaN,NaN,+101.623,+112.641,NaN,NaN,+99.557,+103.963,NaN,NaN,+1.482,+4.269,+0.000,+6.000,NaN,+98.590,NaN,+104.401,NaN,+101.006,NaN,+2.007
0,11,+3.000,+3.000,+6.000,+6.000,+105.171,+128.287,+100.376,+104.634,+120.089,+128.287,+104.552,+119.539,+110.144,+128.287,+102.472,+113.960,+7.032,+0.000,+1.708,+4.707,+3.000,+6.000,+116.729,+102.260,+124.188,+104.682,+119.216,+103.535,+3.516,+0.969
0,12,+0.000,+0.000,+12.000,+12.000,NaN,NaN,+97.010,+101.770,NaN,NaN,+106.192,+188.736,NaN,NaN,+100.054,+120.551,NaN,NaN,+2.887,+32.030,+0.000,+12.000,NaN,+100.701,NaN,+106.883,NaN,+102.562,NaN,+1.983
0,13,+5.000,+5.000,+17.000,+17.000,+102.284,+102.505,+99.138,+99.260,+109.067,+110.604,+105.928,+120.702,+103.864,+107.364,+102.286,+108.522,+2.614,+3.968,+1.814,+4.840,+5.000,+17.000,+102.395,+99.199,+109.836,+106.186,+105.614,+104.282,+2.864,+1.941
0,14,+6.000,+6.000,+6.000,+6.000,+102.284,+103.954,+95.657,+99.260,+107.753,+110.406,+99.616,+107.415,+104.879,+108.337,+97.727,+101.803,+1.583,+2.371,+1.410,+3.148,+6.000,+6.000,+103.119,+96.697,+109.080,+100.739,+106.608,+99.004,+1.867,+1.328
0,15,+2.000,+2.000,+3.000,+3.000,+99.478,+111.476,+97.638,+98.721,+103.063,+111.476,+97.638,+99.363,+101.271,+111.476,+97.638,+98.935,+1.792,+0.000,+0.000,+0.302,+2.000,+3.000,+105.477,+98.180,+107.269,+98.882,+106.373,+98.430,+0.896,+0.320
0,16,+0.000,+0.000,+6.000,+6.000,NaN,NaN,+100.993,+107.335,NaN,NaN,+102.669,+138.782,NaN,NaN,+101.679,+119.485,NaN,NaN,+0.703,+10.829,+0.000,+6.000,NaN,+101.628,NaN,+103.111,NaN,+102.430,NaN,+0.432
0,17,+0.000,+0.000,+8.000,+8.000,NaN,NaN,+99.913,+102.257,NaN,NaN,+104.729,+110.001,NaN,NaN,+103.062,+106.998,NaN,NaN,+1.785,+2.646,+0.000,+8.000,NaN,+102.257,NaN,+107.365,NaN,+104.915,NaN,+1.375
0,18,+3.000,+3.000,+3.000,+3.000,+106.224,+111.077,+99.562,+112.578,+110.394,+124.590,+102.299,+126.344,+108.378,+118.071,+100.637,+117.431,+1.705,+5.527,+1.192,+6.310,+3.000,+3.000,+110.735,+99.806,+116.553,+103.071,+113.225,+101.351,+2.448,+1.338
0,19,+5.000,+5.000,+15.000,+15.000,+101.304,+113.164,+99.158,+102.302,+113.417,+129.178,+104.807,+159.651,+105.456,+119.569,+101.496,+117.980,+4.332,+7.846,+1.365,+16.531,+5.000,+15.000,+107.511,+102.301,+121.297,+107.680,+112.513,+104.043,+5.117,+1.685
0,20,+3.000,+3.000,+11.000,+11.000,+109.189,+132.798,+95.354,+101.733,+113.425,+132.798,+103.383,+152.085,+110.871,+132.798,+100.099,+117.218,+1.836,+0.000,+3.245,+21.437,+3.000,+11.000,+120.994,+97.376,+123.112,+103.399,+121.834,+102.044,+0.918,+1.786
0,21,+3.000,+3.000,+9.000,+9.000,+103.449,+135.431,+96.591,+106.333,+108.572,+135.431,+108.424,+166.188,+105.531,+135.431,+101.408,+136.630,+2.199,+0.000,+3.525,+24.441,+3.000,+9.000,+119.440,+102.069,+122.001,+109.860,+120.481,+104.783,+1.099,+2.959
0,22,+11.000,+11.000,+9.000,+9.000,+96.990,+101.651,+98.566,+105.651,+149.880,+153.745,+104.723,+117.161,+108.769,+114.380,+101.555,+110.334,+14.008,+14.465,+2.532,+3.969,+11.000,+9.000,+99.320,+104.740,+151.812,+105.528,+111.574,+105.044,+14.146,+0.292
0,23,+5.000,+5.000,+3.000,+3.000,+104.759,+111.406,+101.264,+106.333,+135.532,+199.837,+101.264,+106.333,+118.863,+159.311,+101.264,+106.333,+9.849,+36.564,+0.000,+0.000,+5.000,+3.000,+108.083,+101.417,+167.684,+102.475,+139.087,+101.769,+22.440,+0.499
0,24,+2.000,+2.000,+4.000,+4.000,+96.261,+104.750,+97.388,+98.031,+103.353,+106.402,+100.928,+103.870,+99.807,+105.576,+98.273,+100.929,+3.546,+0.826,+1.533,+2.704,+2.000,+4.000,+100.505,+97.710,+104.878,+101.158,+102.692,+98.985,+2.186,+1.372
0,25,+4.000,+4.000,+9.000,+9.000,+104.629,+108.544,+95.074,+98.683,+107.532,+151.256,+104.544,+109.033,+105.518,+138.148,+101.169,+105.486,+1.193,+17.300,+3.214,+3.086,+4.000,+9.000,+108.038,+97.547,+127.943,+106.375,+121.833,+103.177,+8.081,+2.915
0,26,+6.000,+6.000,+9.000,+9.000,+105.841,+118.577,+98.796,+103.700,+123.921,+162.592,+105.676,+205.729,+112.148,+140.584,+101.946,+146.477,+6.075,+22.007,+2.517,+42.709,+6.000,+9.000,+112.209,+102.161,+143.256,+106.047,+126.366,+104.860,+12.220,+1.573
0,27,+6.000,+6.000,+0.000,+0.000,+97.638,+101.736,NaN,NaN,+104.548,+113.137,NaN,NaN,+100.239,+109.080,NaN,NaN,+2.769,+4.004,NaN,NaN,+6.000,+0.000,+101.501,NaN,+107.422,NaN,+104.660,NaN,+1.861,NaN
0,28,+8.000,+8.000,+6.000,+6.000,+96.689,+101.587,+100.354,+109.230,+143.137,+163.447,+107.728,+123.326,+106.045,+125.551,+104.047,+116.516,+14.268,+29.360,+2.322,+5.174,+8.000,+6.000,+99.999,+102.383,+153.292,+108.796,+115.798,+105.349,+19.745,+2.533
0,29,+1.000,+1.000,+9.000,+9.000,+99.809,+102.733,+98.053,+115.337,+99.809,+102.733,+103.490,+130.447,+99.809,+102.733,+100.859,+126.596,+0.000,+0.000,+1.716,+4.597,+1.000,+9.000,+101.271,+101.244,+101.271,+104.224,+101.271,+102.723,+0.000,+1.080
0,30,+9.000,+9.000,+9.000,+9.000,+99.423,+107.913,+98.681,+103.613,+119.574,+151.772,+103.459,+131.667,+105.241,+121.417,+101.139,+110.768,+5.985,+15.108,+2.188,+9.149,+9.000,+9.000,+103.668,+100.782,+135.673,+103.997,+113.329,+102.893,+9.627,+1.157
0,31,+6.000,+6.000,+8.000,+8.000,+97.210,+98.854,+95.390,+96.556,+99.423,+111.991,+102.398,+136.132,+98.288,+104.602,+97.631,+107.640,+1.079,+5.394,+2.816,+12.011,+6.000,+8.000,+98.032,+96.327,+105.707,+102.453,+101.445,+100.529,+3.145,+2.348
0,32,+7.000,+7.000,+3.000,+3.000,+99.423,+100.152,+96.098,+100.148,+109.849,+121.955,+97.576,+100.148,+102.672,+112.398,+96.747,+100.148,+3.859,+7.604,+0.617,+0.000,+7.000,+3.000,+100.075,+97.071,+111.386,+98.090,+107.535,+97.504,+4.302,+0.430
0,33,+3.000,+3.000,+10.000,+10.000,+103.157,+130.710,+97.900,+101.030,+103.538,+130.710,+106.432,+152.428,+103.284,+130.710,+100.868,+129.635,+0.179,+0.000,+2.972,+18.703,+3.000,+10.000,+116.934,+101.030,+117.124,+113.251,+116.997,+107.582,+0.090,+3.988
0,34,+6.000,+6.000,+11.000,+11.000,+96.332,+103.793,+95.136,+101.237,+102.095,+110.338,+101.265,+117.986,+98.890,+107.066,+98.711,+107.077,+1.896,+3.272,+2.560,+5.136,+6.000,+11.000,+100.472,+96.822,+106.217,+108.359,+102.978,+101.092,+2.075,+2.820
0,35,+13.000,+13.000,+15.000,+15.000,+100.864,+102.095,+100.029,+109.544,+123.002,+144.766,+110.042,+160.053,+108.397,+117.549,+103.362,+128.018,+7.524,+14.176,+2.744,+15.001,+13.000,+15.000,+101.480,+104.569,+133.884,+111.266,+112.973,+107.942,+10.367,+1.965
0,36,+7.000,+7.000,+7.000,+7.000,+99.610,+101.503,+98.211,+101.150,+109.569,+170.503,+106.479,+218.936,+104.080,+125.132,+102.913,+154.990,+4.045,+28.877,+2.636,+47.313,+7.000,+7.000,+100.556,+99.681,+140.036,+108.911,+114.606,+105.137,+16.053,+2.589
0,37,+3.000,+3.000,+23.000,+23.000,+103.413,+112.562,+102.322,+107.468,+108.536,+123.151,+124.320,+222.894,+105.719,+119.418,+114.816,+140.827,+2.123,+4.854,+7.256,+28.069,+3.000,+23.000,+108.885,+104.895,+115.539,+126.676,+112.569,+120.814,+2.763,+5.852
0,38,+8.000,+8.000,+9.000,+9.000,+97.718,+99.106,+99.911,+101.416,+105.209,+152.066,+103.571,+116.468,+100.143,+121.683,+101.802,+110.607,+2.379,+23.600,+1.351,+5.339,+8.000,+9.000,+98.412,+101.354,+128.637,+109.036,+110.913,+103.478,+12.275,+2.452
0,39,+8.000,+8.000,+28.000,+28.000,+97.899,+99.172,+97.009,+106.856,+115.470,+149.058,+113.976,+189.589,+102.784,+119.743,+102.907,+133.649,+5.537,+18.679,+3.993,+27.181,+8.000,+28.000,+98.535,+104.685,+126.967,+127.287,+111.264,+110.065,+10.152,+5.809
0,40,+3.000,+3.000,+15.000,+15.000,+100.411,+106.224,+95.275,+100.441,+100.479,+154.461,+104.513,+152.656,+100.456,+122.303,+100.403,+115.203,+0.032,+22.739,+2.945,+15.910,+3.000,+15.000,+103.318,+99.631,+127.470,+112.501,+111.380,+103.883,+11.377,+3.780
0,41,+6.000,+6.000,+9.000,+9.000,+97.270,+102.349,+99.352,+106.289,+104.876,+148.247,+115.801,+201.475,+101.615,+116.227,+103.869,+146.742,+2.990,+15.778,+4.378,+38.274,+6.000,+9.000,+101.454,+99.449,+125.862,+119.322,+108.921,+107.511,+8.624,+6.536
0,42,+0.000,+0.000,+14.000,+14.000,NaN,NaN,+96.152,+101.635,NaN,NaN,+101.631,+127.600,NaN,NaN,+100.120,+110.185,NaN,NaN,+1.541,+8.680,+0.000,+14.000,NaN,+101.455,NaN,+103.526,NaN,+101.967,NaN,+0.585
0,43,+5.000,+5.000,+12.000,+12.000,+100.930,+103.362,+99.689,+111.408,+104.876,+134.509,+118.453,+163.612,+102.912,+117.050,+109.521,+126.456,+1.742,+14.431,+6.528,+15.511,+5.000,+12.000,+102.146,+101.672,+119.692,+119.998,+109.981,+113.241,+8.063,+6.443
0,44,+8.000,+8.000,+12.000,+12.000,+99.259,+101.635,+100.049,+111.408,+116.257,+151.839,+104.535,+194.655,+103.904,+121.615,+102.087,+136.037,+6.366,+20.233,+1.374,+34.170,+8.000,+12.000,+100.447,+103.597,+130.035,+104.984,+112.760,+104.469,+12.424,+0.620
0,45,+3.000,+3.000,+12.000,+12.000,+98.850,+99.850,+97.600,+101.269,+100.930,+100.930,+106.110,+214.243,+100.237,+100.570,+100.999,+147.897,+0.980,+0.509,+2.483,+46.529,+3.000,+12.000,+99.350,+98.449,+100.930,+108.379,+100.403,+102.938,+0.744,+3.044
0,46,+12.000,+12.000,+15.000,+15.000,+97.752,+104.684,+95.684,+101.269,+130.262,+135.351,+108.115,+141.858,+106.064,+120.759,+101.308,+119.643,+8.369,+13.991,+3.680,+11.196,+12.000,+15.000,+102.375,+99.247,+132.172,+119.585,+113.411,+107.484,+9.710,+8.622
0,47,+9.000,+9.000,+13.000,+13.000,+97.448,+103.707,+99.489,+104.644,+107.018,+154.986,+108.950,+143.934,+101.766,+118.594,+105.200,+118.892,+3.838,+20.242,+2.332,+12.523,+9.000,+13.000,+100.578,+104.525,+130.649,+110.761,+110.180,+107.627,+11.296,+1.748
0,48,+11.000,+11.000,+11.000,+11.000,+98.319,+104.767,+98.869,+101.428,+108.286,+132.307,+110.525,+139.397,+104.725,+118.154,+105.899,+123.276,+4.006,+11.058,+3.716,+11.566,+11.000,+11.000,+101.543,+100.208,+119.928,+112.790,+111.439,+108.899,+6.971,+4.211
0,49,+15.000,+15.000,+13.000,+13.000,+100.730,+105.039,+95.878,+102.246,+118.867,+139.190,+104.699,+142.238,+107.331,+115.517,+101.071,+112.144,+4.742,+10.992,+2.566,+16.531,+15.000,+13.000,+102.884,+101.884,+128.602,+106.201,+111.424,+103.296,+7.273,+1.601
0,50,+3.000,+3.000,+15.000,+15.000,+102.785,+110.752,+95.110,+103.286,+108.509,+110.752,+108.125,+120.892,+104.693,+110.752,+102.839,+110.971,+2.698,+0.000,+3.549,+4.212,+3.000,+15.000,+106.769,+101.226,+109.630,+108.157,+107.723,+106.764,+1.349,+1.680
0,51,+9.000,+9.000,+3.000,+3.000,+95.735,+104.225,+98.809,+104.252,+108.046,+140.968,+103.225,+104.252,+100.904,+116.515,+101.409,+104.252,+4.509,+13.949,+1.886,+0.000,+9.000,+3.000,+99.994,+100.501,+119.696,+103.739,+108.709,+102.487,+8.283,+1.420
0,52,+9.000,+9.000,+8.000,+8.000,+103.502,+107.550,+99.307,+101.702,+105.334,+150.218,+104.027,+106.164,+104.739,+115.032,+101.439,+103.961,+0.526,+13.112,+1.634,+1.933,+9.000,+8.000,+105.526,+100.719,+127.624,+104.036,+109.885,+102.468,+6.630,+1.503
0,53,+7.000,+7.000,+12.000,+12.000,+97.053,+97.570,+95.499,+103.112,+103.629,+114.763,+103.084,+161.700,+100.666,+107.964,+100.332,+117.288,+2.172,+6.389,+2.211,+20.883,+7.000,+12.000,+97.311,+101.652,+109.196,+103.487,+104.315,+102.944,+4.175,+0.602
0,54,+5.000,+5.000,+9.000,+9.000,+97.294,+99.972,+96.938,+101.105,+101.257,+102.578,+104.208,+171.307,+98.583,+100.914,+100.522,+114.006,+1.504,+0.955,+1.919,+22.454,+5.000,+9.000,+98.938,+99.044,+101.313,+104.222,+99.748,+101.333,+0.872,+1.642
0,55,+15.000,+15.000,+3.000,+3.000,+99.098,+107.230,+99.091,+99.536,+124.014,+173.004,+99.091,+99.536,+103.504,+128.970,+99.091,+99.536,+6.140,+22.476,+0.000,+0.000,+15.000,+3.000,+103.667,+99.313,+139.782,+99.313,+116.237,+99.313,+12.939,+0.000
0,56,+15.000,+15.000,+13.000,+13.000,+98.771,+104.452,+99.889,+105.123,+116.043,+140.059,+118.569,+147.527,+107.272,+119.821,+103.986,+129.380,+4.873,+9.970,+4.648,+16.085,+15.000,+13.000,+102.955,+104.131,+125.922,+119.363,+113.547,+106.699,+5.905,+4.055
0,57,+9.000,+9.000,+6.000,+6.000,+97.781,+103.220,+99.130,+100.798,+112.345,+154.850,+108.118,+117.790,+104.864,+125.017,+104.067,+112.931,+5.555,+19.018,+3.295,+5.611,+9.000,+6.000,+100.501,+99.964,+133.020,+110.186,+114.940,+106.190,+11.382,+3.167
0,58,+12.000,+12.000,+10.000,+10.000,+100.613,+103.761,+101.413,+104.205,+134.212,+172.145,+111.777,+159.430,+112.276,+133.057,+104.400,+116.828,+11.723,+20.468,+3.321,+16.629,+12.000,+10.000,+102.187,+102.460,+153.179,+114.219,+122.667,+105.595,+15.148,+3.722
0,59,+17.000,+17.000,+17.000,+17.000,+98.929,+104.595,+96.128,+104.252,+127.670,+154.123,+115.907,+134.248,+109.009,+122.662,+103.413,+117.707,+7.658,+15.795,+4.938,+8.599,+17.000,+17.000,+101.762,+99.469,+139.030,+117.719,+115.836,+106.986,+10.953,+5.007
0,60,+14.000,+14.000,+9.000,+9.000,+100.527,+103.661,+98.291,+101.594,+124.214,+141.708,+107.287,+129.028,+106.820,+116.021,+101.100,+109.939,+5.140,+11.855,+2.647,+11.176,+14.000,+9.000,+102.094,+100.422,+124.924,+111.721,+111.420,+102.876,+7.076,+3.213
0,61,+9.000,+9.000,+10.000,+10.000,+100.373,+100.743,+96.415,+100.452,+103.708,+119.861,+107.922,+173.653,+103.095,+106.241,+102.770,+123.599,+0.986,+5.591,+3.323,+22.992,+9.000,+10.000,+100.558,+98.434,+111.696,+107.922,+104.668,+105.417,+3.032,+2.607
0,62,+9.000,+9.000,+3.000,+3.000,+100.954,+103.532,+98.341,+107.922,+110.954,+139.600,+106.326,+109.622,+104.062,+114.650,+101.003,+109.055,+2.565,+10.497,+3.764,+0.801,+9.000,+3.000,+103.532,+101.973,+121.566,+107.124,+109.356,+103.690,+5.407,+2.428
0,63,+15.000,+15.000,+10.000,+10.000,+99.261,+104.208,+97.188,+102.886,+130.667,+189.457,+106.310,+127.215,+110.666,+146.411,+101.571,+111.888,+8.794,+25.337,+3.011,+7.831,+15.000,+10.000,+103.469,+101.397,+148.179,+106.869,+128.539,+103.866,+13.864,+2.035
0,64,+12.000,+12.000,+7.000,+7.000,+95.398,+102.301,+95.848,+102.051,+117.668,+141.640,+103.119,+119.750,+107.098,+122.590,+101.190,+108.196,+6.821,+13.837,+2.365,+6.273,+12.000,+7.000,+101.611,+98.950,+129.654,+103.502,+114.844,+102.436,+9.488,+1.458
0,65,+9.000,+9.000,+15.000,+15.000,+101.097,+107.563,+105.348,+111.813,+126.720,+140.730,+117.580,+169.876,+109.224,+124.233,+112.207,+132.457,+7.837,+12.534,+3.708,+15.231,+9.000,+15.000,+105.801,+108.581,+133.725,+117.987,+116.729,+114.731,+9.120,+3.347
0,66,+3.000,+3.000,+6.000,+6.000,+100.460,+100.832,+95.637,+99.435,+100.460,+100.832,+100.182,+103.156,+100.460,+100.832,+97.335,+102.134,+0.000,+0.000,+2.017,+1.381,+3.000,+6.000,+100.646,+97.536,+100.646,+101.299,+100.646,+99.228,+0.000,+1.350
0,67,+9.000,+9.000,+3.000,+3.000,+97.420,+101.904,+95.680,+104.728,+104.331,+125.430,+100.588,+104.728,+100.542,+109.076,+98.482,+104.728,+1.882,+6.964,+2.063,+0.000,+9.000,+3.000,+99.988,+99.883,+111.425,+102.658,+104.809,+100.857,+3.332,+1.275
0,68,+3.000,+3.000,+11.000,+11.000,+98.249,+108.914,+100.753,+103.721,+99.508,+121.914,+105.388,+186.546,+98.813,+117.581,+103.406,+130.353,+0.522,+6.128,+1.215,+34.933,+3.000,+11.000,+103.582,+103.183,+110.711,+105.677,+108.197,+104.777,+3.268,+0.627
0,69,+14.000,+14.000,+17.000,+17.000,+100.534,+106.518,+99.053,+104.843,+128.413,+166.483,+109.764,+130.830,+108.232,+132.186,+103.913,+112.064,+9.082,+22.667,+2.269,+7.116,+14.000,+17.000,+103.526,+102.275,+141.964,+110.227,+120.209,+105.928,+14.245,+2.199
0,70,+13.000,+13.000,+3.000,+3.000,+96.663,+100.602,+101.037,+102.465,+106.972,+148.353,+101.753,+102.465,+101.936,+112.946,+101.466,+102.465,+2.626,+15.939,+0.309,+0.000,+13.000,+3.000,+99.109,+101.323,+124.317,+102.109,+107.441,+101.704,+8.416,+0.321
0,71,+3.000,+3.000,+16.000,+16.000,+101.144,+110.418,+95.847,+102.118,+102.026,+138.528,+104.526,+158.606,+101.438,+127.033,+99.859,+118.133,+0.416,+12.033,+2.489,+16.939,+3.000,+16.000,+106.222,+98.521,+119.836,+117.415,+114.235,+104.364,+5.814,+5.692
0,72,+5.000,+5.000,+6.000,+6.000,+97.834,+99.612,+97.709,+106.232,+101.144,+120.571,+103.308,+117.846,+99.084,+111.207,+99.689,+110.372,+1.536,+6.693,+2.562,+5.025,+5.000,+6.000,+98.723,+97.880,+109.202,+104.770,+105.146,+102.449,+3.511,+2.646
0,73,+3.000,+3.000,+11.000,+11.000,+99.679,+101.281,+100.942,+104.960,+101.144,+101.281,+109.318,+175.550,+100.656,+101.281,+104.809,+140.410,+0.690,+0.000,+2.499,+24.485,+3.000,+11.000,+100.480,+102.951,+101.213,+116.138,+100.969,+109.737,+0.345,+5.263
0,74,+9.000,+9.000,+14.000,+14.000,+100.802,+113.631,+98.964,+104.479,+141.644,+160.764,+104.899,+140.547,+110.597,+131.972,+101.028,+113.031,+14.965,+15.422,+1.431,+11.074,+9.000,+14.000,+107.217,+100.231,+145.638,+105.941,+121.284,+102.822,+12.383,+2.065
0,75,+6.000,+6.000,+6.000,+6.000,+103.308,+112.691,+97.390,+99.883,+109.729,+167.060,+100.419,+101.820,+105.555,+130.558,+98.783,+101.022,+2.483,+20.339,+0.998,+0.685,+6.000,+6.000,+108.000,+99.136,+135.184,+101.106,+118.056,+99.935,+9.598,+0.644
0,76,+6.000,+6.000,+9.000,+9.000,+98.065,+102.175,+98.385,+101.569,+134.544,+162.422,+104.108,+180.698,+107.416,+127.986,+100.820,+114.487,+12.426,+26.226,+1.844,+23.868,+6.000,+9.000,+101.675,+98.867,+140.512,+104.113,+117.701,+101.914,+16.209,+1.996
0,77,+6.000,+6.000,+12.000,+12.000,+100.724,+102.175,+96.523,+106.232,+103.901,+127.253,+108.584,+151.666,+101.932,+109.441,+103.374,+124.837,+1.069,+9.007,+3.094,+15.799,+6.000,+12.000,+101.450,+103.390,+114.887,+111.708,+105.686,+108.366,+4.797,+2.712
0,78,+6.000,+6.000,+4.000,+4.000,+100.030,+101.175,+98.400,+102.403,+102.520,+119.553,+102.984,+104.108,+101.433,+107.526,+101.389,+103.682,+0.869,+7.047,+1.875,+0.738,+6.000,+4.000,+100.603,+100.238,+110.364,+103.515,+104.479,+102.338,+3.741,+1.346
0,79,+3.000,+3.000,+3.000,+3.000,+98.255,+106.232,+99.865,+105.703,+101.444,+106.232,+102.074,+119.970,+100.292,+106.232,+101.104,+110.459,+1.444,+0.000,+0.922,+6.726,+3.000,+3.000,+102.244,+100.623,+103.838,+102.238,+103.262,+101.528,+0.722,+0.674
0,80,+11.000,+11.000,+12.000,+12.000,+99.359,+109.369,+100.283,+108.490,+115.221,+147.456,+119.431,+136.732,+104.982,+124.432,+106.049,+122.581,+5.077,+15.569,+5.464,+10.499,+11.000,+12.000,+105.272,+105.772,+129.757,+121.581,+114.707,+111.477,+8.900,+6.144
0,81,+16.000,+16.000,+14.000,+14.000,+101.444,+101.810,+99.339,+106.458,+130.015,+151.398,+104.521,+122.394,+111.117,+121.141,+102.042,+113.248,+8.924,+16.665,+1.845,+5.260,+16.000,+14.000,+101.627,+100.382,+139.008,+109.172,+116.129,+106.060,+12.268,+1.947
0,82,+15.000,+15.000,+8.000,+8.000,+99.363,+105.312,+99.484,+102.392,+115.717,+134.623,+108.003,+188.893,+105.690,+115.645,+104.218,+147.043,+4.025,+10.744,+3.101,+33.769,+15.000,+8.000,+103.942,+100.954,+122.069,+109.065,+110.668,+106.184,+6.096,+3.106
0,83,+11.000,+11.000,+13.000,+13.000,+99.576,+102.775,+98.884,+103.667,+108.247,+122.490,+109.205,+198.965,+104.987,+111.439,+102.278,+126.710,+2.012,+7.242,+2.781,+30.361,+11.000,+13.000,+101.176,+103.030,+114.591,+111.966,+108.213,+105.918,+4.081,+3.446
0,84,+13.000,+13.000,+11.000,+11.000,+97.104,+100.080,+96.138,+101.301,+102.808,+127.088,+101.942,+125.253,+101.484,+106.906,+100.198,+110.413,+1.801,+8.189,+1.469,+7.059,+13.000,+11.000,+98.592,+100.518,+114.931,+103.374,+104.195,+101.964,+4.457,+0.824
0,85,+15.000,+15.000,+6.000,+6.000,+98.486,+108.472,+100.663,+103.633,+125.428,+190.345,+104.322,+125.299,+114.023,+130.541,+101.627,+112.453,+6.322,+25.339,+1.281,+8.969,+15.000,+6.000,+105.034,+101.269,+154.306,+104.548,+122.282,+102.139,+15.016,+1.203
0,86,+0.000,+0.000,+9.000,+9.000,NaN,NaN,+102.447,+103.654,NaN,NaN,+107.145,+149.387,NaN,NaN,+104.166,+125.035,NaN,NaN,+1.309,+17.341,+0.000,+9.000,NaN,+102.679,NaN,+109.507,NaN,+105.370,NaN,+2.393
0,87,+12.000,+12.000,+3.000,+3.000,+103.224,+114.635,+102.447,+110.347,+126.758,+175.744,+102.447,+118.022,+112.324,+139.076,+102.447,+113.021,+5.771,+23.528,+0.000,+3.539,+12.000,+3.000,+112.266,+105.268,+145.483,+110.235,+125.700,+107.358,+12.065,+2.103
0,88,+9.000,+9.000,+12.000,+12.000,+99.572,+108.358,+96.545,+104.444,+111.577,+193.000,+103.765,+147.933,+106.579,+133.829,+99.732,+115.385,+3.345,+36.151,+2.602,+18.793,+9.000,+12.000,+103.965,+102.462,+151.008,+104.105,+120.204,+103.235,+19.228,+0.652
0,89,+16.000,+16.000,+14.000,+14.000,+101.861,+104.614,+96.987,+104.852,+106.021,+155.905,+106.257,+164.292,+104.737,+116.314,+101.665,+125.520,+1.469,+15.967,+2.711,+20.778,+16.000,+14.000,+103.812,+103.920,+130.963,+134.977,+110.525,+106.964,+8.251,+7.805
0,90,+11.000,+11.000,+3.000,+3.000,+103.803,+106.818,+96.501,+137.042,+140.479,+163.453,+101.866,+158.653,+108.349,+132.037,+98.421,+148.092,+10.203,+23.000,+2.441,+8.829,+11.000,+3.000,+106.310,+96.699,+140.738,+105.927,+120.193,+102.616,+12.897,+4.194
0,91,+10.000,+10.000,+15.000,+15.000,+96.980,+98.753,+100.454,+106.257,+105.802,+134.903,+117.323,+153.836,+102.839,+119.596,+106.625,+122.867,+2.511,+14.460,+4.753,+17.020,+10.000,+15.000,+97.866,+103.581,+119.442,+117.454,+111.217,+111.605,+7.336,+5.172
