game,day,buyerGD_0.value,buyerGD_1.value,buyerGD_2.value,buyerGD_3.value,buyerGD_4.value,buyerRE_0.value,buyerRE_1.value,buyerRE_2.value,buyerRE_3.value,buyerRE_4.value,buyerZIC_0.value,buyerZIC_1.value,buyerZIC_2.value,buyerZIC_3.value,buyerZIC_4.value,buyerZIP_0.value,buyerZIP_1.value,buyerZIP_2.value,buyerZIP_3.value,buyerZIP_4.value,sellerGD_0.value,sellerGD_1.value,sellerGD_2.value,sellerGD_3.value,sellerGD_4.value,sellerRE_0.value,sellerRE_1.value,sellerRE_2.value,sellerRE_3.value,sellerRE_4.value,sellerZIC_0.value,sellerZIC_1.value,sellerZIC_2.value,sellerZIC_3.value,sellerZIC_4.value,sellerZIP_0.value,sellerZIP_1.value,sellerZIP_2.value,sellerZIP_3.value,sellerZIP_4.value
0,0,+118.633,+165.253,+99.146,+85.806,+64.734,+133.136,+71.793,+86.523,+80.517,+136.640,+67.816,+49.097,+127.264,+137.678,+108.140,+95.702,+91.869,+36.710,+103.759,+97.294,+95.199,+97.913,+104.322,+103.043,+97.768,+104.802,+97.122,+102.869,+103.350,+96.298,+95.067,+103.905,+99.442,+100.503,+103.962,+96.213,+104.735,+100.590,+104.909,+97.813
0,1,+94.289,+58.733,+95.078,+68.738,+154.738,+93.199,+55.466,+96.375,+60.543,+123.302,+65.904,+127.891,+74.344,+151.660,+145.512,+101.354,+68.308,+135.520,+85.330,+110.870,+104.641,+100.678,+99.461,+101.160,+96.134,+103.346,+99.549,+99.050,+99.703,+100.156,+101.662,+101.812,+101.006,+102.324,+101.328,+102.745,+98.716,+101.681,+102.961,+102.606
0,2,+140.382,+84.802,+25.954,+95.752,+80.461,+123.902,+112.683,+197.363,+71.945,+75.162,+58.835,+77.532,+63.607,+101.602,+78.264,+74.840,+109.928,+105.917,+21.046,+173.700,+98.222,+104.320,+99.108,+100.378,+96.936,+104.624,+101.735,+96.090,+102.624,+103.899,+99.499,+97.106,+97.698,+95.688,+99.335,+98.148,+97.236,+102.721,+104.891,+101.776
0,3,+63.407,+134.510,+72.897,+52.289,+76.788,+58.170,+72.075,+109.704,+50.193,+85.544,+109.255,+108.005,+70.563,+95.091,+71.906,+66.503,+110.396,+128.739,+160.674,+117.085,+103.628,+103.561,+104.274,+102.640,+103.950,+100.574,+101.148,+101.363,+99.252,+98.878,+103.413,+100.910,+96.863,+96.274,+95.662,+101.639,+98.454,+96.247,+102.451,+102.169
0,4,+92.593,+97.334,+129.484,+91.474,+106.513,+54.820,+141.085,+146.421,+71.210,+97.276,+107.410,+29.438,+78.848,+138.460,+70.205,+80.623,+91.793,+140.976,+73.007,+104.711,+97.836,+103.494,+102.456,+96.032,+101.575,+96.859,+96.276,+99.973,+96.510,+95.997,+104.392,+96.276,+104.845,+101.603,+100.505,+103.941,+99.953,+95.700,+102.498,+103.280
0,5,+97.971,+109.131,+87.645,+61.396,+45.775,+66.027,+54.273,+110.013,+132.841,+70.808,+76.078,+80.972,+119.763,+72.645,+65.364,+113.001,+129.693,+105.637,+109.301,+91.743,+102.353,+95.174,+104.827,+98.269,+101.826,+101.446,+96.946,+103.918,+95.402,+95.599,+103.327,+98.704,+98.109,+98.260,+98.032,+96.794,+98.692,+101.676,+100.685,+97.168
0,6,+102.108,+90.205,+102.542,+145.149,+91.339,+105.582,+67.864,+78.134,+83.517,+104.957,+84.625,+113.998,+71.518,+62.608,+103.045,+64.552,+97.645,+99.348,+99.263,+74.378,+100.363,+101.359,+104.003,+103.516,+100.198,+99.631,+104.612,+99.893,+98.340,+104.390,+97.691,+102.235,+103.369,+101.528,+98.086,+100.823,+99.525,+99.190,+97.297,+95.783
0,7,+102.533,+101.143,+79.198,+89.749,+25.169,+74.075,+72.545,+96.835,+58.969,+97.678,+66.757,+116.057,+9.269,+111.495,+100.417,+76.887,+104.997,+80.748,+66.245,+127.240,+102.538,+104.781,+103.743,+99.535,+97.919,+101.709,+100.035,+101.302,+101.423,+100.124,+102.819,+103.103,+96.493,+97.790,+95.371,+103.376,+102.736,+97.669,+104.573,+95.384
0,8,+82.353,+96.175,+56.542,+91.630,+71.784,+109.968,+112.993,+87.418,+94.905,+88.702,+91.318,+59.243,+159.443,+106.555,+48.063,+19.563,+108.277,+108.070,+102.171,+90.427,+101.096,+102.566,+99.142,+96.082,+95.146,+100.392,+102.245,+96.108,+104.844,+96.947,+98.845,+99.683,+96.317,+97.951,+101.955,+99.042,+101.043,+96.245,+99.837,+99.642
0,9,+126.051,+81.150,+111.352,+106.014,+38.355,+119.249,+118.772,+34.120,+70.914,+88.090,+121.010,+70.026,+68.665,+106.721,+108.015,+89.852,+125.574,+133.358,+50.914,+138.215,+96.035,+95.635,+97.409,+102.995,+103.740,+104.397,+96.453,+97.611,+95.743,+102.639,+99.710,+100.743,+98.173,+100.820,+100.512,+99.360,+104.365,+96.299,+98.496,+95.147
0,10,+81.819,+121.654,+95.228,+75.779,+105.859,+130.342,+98.841,+109.284,+100.794,+97.644,+128.255,+56.844,+88.024,+71.789,+68.844,+67.002,+60.788,+70.491,+78.420,+188.639,+98.448,+103.071,+101.587,+98.216,+100.450,+102.424,+101.313,+95.199,+98.188,+101.376,+95.487,+100.305,+98.312,+104.967,+95.748,+103.327,+104.843,+101.323,+96.981,+99.297
0,11,+83.126,+73.730,+123.458,+98.749,+96.003,+155.210,+54.385,+82.620,+145.682,+86.166,+95.743,+117.122,+77.918,+69.644,+81.817,+55.647,+48.875,+62.407,+80.300,+140.089,+102.024,+103.986,+100.329,+97.597,+97.514,+96.013,+95.170,+102.720,+97.628,+95.499,+100.744,+96.822,+102.766,+96.211,+98.037,+102.721,+95.482,+95.415,+97.449,+101.933
0,12,+146.775,+95.849,+63.381,+76.222,+79.707,+117.969,+74.665,+108.048,+60.240,+97.210,+62.735,+59.204,+142.585,+78.447,+82.645,+152.025,+95.926,+140.025,+84.372,+116.865,+101.042,+97.752,+98.873,+96.891,+103.878,+100.774,+103.195,+101.900,+99.846,+95.998,+98.318,+100.614,+101.143,+103.955,+99.549,+95.589,+97.666,+102.956,+102.116,+96.514
0,13,+80.297,+111.917,+96.992,+57.405,+65.202,+104.422,+134.749,+58.186,+73.197,+97.218,+54.415,+86.814,+38.134,+81.585,+80.412,+123.861,+97.285,+69.903,+88.791,+99.952,+102.099,+96.104,+104.616,+95.473,+100.786,+100.877,+99.440,+104.433,+97.243,+96.086,+100.699,+97.741,+102.885,+96.021,+96.962,+96.418,+101.114,+99.456,+102.207,+102.513
0,14,+133.342,+59.185,+52.655,+82.538,+71.754,+71.652,+43.513,+134.265,+81.282,+115.280,+50.123,+57.768,+68.470,+54.629,+36.584,+58.768,+41.388,+183.035,+61.756,+85.206,+104.635,+95.620,+104.253,+100.522,+100.695,+102.376,+103.880,+95.177,+99.276,+104.883,+98.749,+100.584,+101.462,+97.828,+99.992,+98.477,+104.197,+97.316,+100.674,+95.644
0,15,+115.595,+58.578,+84.970,+89.343,+161.389,+84.380,+67.133,+105.620,+78.609,+97.492,+45.679,+86.023,+24.501,+85.628,+51.818,+89.348,+127.636,+126.643,+32.328,+79.751,+95.468,+102.425,+101.094,+102.425,+98.036,+97.089,+101.840,+97.324,+103.449,+97.824,+99.457,+97.108,+98.273,+95.763,+103.403,+95.236,+96.680,+102.020,+100.677,+103.510
0,16,+81.423,+108.655,+96.068,+44.578,+96.316,+85.483,+125.030,+112.384,+137.940,+33.094,+91.733,+94.382,+61.885,+77.367,+51.101,+82.508,+137.577,+79.932,+77.954,+83.411,+104.275,+100.318,+96.527,+103.369,+96.592,+95.836,+99.177,+96.497,+104.396,+104.808,+99.458,+104.496,+95.070,+101.687,+102.665,+98.832,+102.195,+99.766,+97.771,+96.829
0,17,+78.678,+54.942,+73.755,+89.499,+84.078,+87.269,+103.982,+83.053,+85.341,+154.696,+68.409,+78.469,+126.124,+53.217,+64.545,+114.377,+68.321,+48.750,+105.357,+123.923,+95.907,+95.331,+103.831,+104.795,+103.624,+103.697,+98.133,+97.943,+100.329,+95.439,+104.657,+98.377,+100.802,+103.969,+103.725,+99.170,+101.613,+103.630,+98.469,+99.818
0,18,+88.313,+85.815,+95.023,+107.855,+90.460,+82.538,+88.207,+88.276,+100.795,+90.222,+78.930,+121.242,+121.416,+104.015,+70.391,+56.584,+147.155,+68.800,+46.652,+88.324,+99.599,+95.719,+98.271,+95.347,+98.887,+95.486,+103.246,+102.505,+103.900,+96.569,+103.006,+103.037,+104.380,+98.416,+99.511,+104.863,+99.735,+101.417,+97.597,+102.332
0,19,+129.053,+103.137,+41.959,+111.863,+102.457,+125.365,+116.075,+96.502,+127.289,+104.992,+95.994,+62.959,+58.295,+103.676,+134.436,+23.863,+59.493,+136.351,+100.566,+131.174,+98.524,+98.067,+104.341,+102.710,+104.433,+100.250,+96.976,+99.606,+103.223,+104.019,+99.524,+102.863,+97.873,+102.203,+100.666,+101.522,+101.609,+103.044,+100.159,+100.710
0,20,+161.630,+74.710,+103.975,+116.206,+107.117,+101.134,+67.665,+82.639,+102.895,+93.628,+108.285,+48.822,+83.216,+88.169,+134.672,+117.939,+52.340,+92.050,+61.452,+105.450,+102.531,+101.878,+98.587,+96.989,+97.999,+101.852,+97.565,+98.226,+96.986,+99.065,+98.698,+95.392,+101.105,+96.196,+102.827,+98.737,+99.438,+103.732,+96.337,+98.537
0,21,+87.783,+105.799,+87.994,+146.932,+115.134,+119.416,+88.864,+55.431,+80.075,+96.670,+73.968,+62.375,+90.992,+123.540,+68.843,+68.872,+92.515,+141.070,+71.284,+49.290,+97.422,+96.629,+100.074,+100.596,+96.702,+100.857,+96.551,+101.498,+96.583,+96.845,+95.221,+104.025,+99.009,+102.270,+104.810,+97.003,+98.171,+100.946,+104.859,+99.996
0,22,+164.275,+55.859,+93.589,+71.238,+90.588,+88.163,+86.227,+114.662,+53.814,+105.862,+86.954,+105.764,+127.373,+52.696,+86.258,+116.540,+53.310,+58.057,+102.209,+154.760,+103.864,+102.728,+97.509,+98.901,+103.236,+104.873,+103.633,+103.160,+100.458,+99.389,+96.915,+99.460,+97.537,+104.987,+95.265,+98.149,+101.777,+101.079,+97.123,+96.720
0,23,+74.893,+66.317,+37.755,+10.477,+102.186,+102.591,+51.014,+56.352,+66.835,+116.903,+100.482,+91.050,+62.091,+147.357,+62.416,+85.741,+97.572,+49.124,+92.304,+119.153,+100.603,+96.761,+104.215,+95.705,+97.747,+102.022,+96.843,+99.604,+100.138,+100.820,+103.158,+104.920,+102.728,+96.297,+95.730,+96.726,+103.325,+102.088,+103.975,+103.596
0,24,+71.586,+74.175,+71.003,+120.480,+63.326,+131.762,+98.838,+119.528,+30.415,+89.616,+135.858,+159.433,+89.507,+150.221,+68.473,+78.684,+45.317,+131.098,+76.874,+154.913,+96.040,+96.548,+99.956,+96.424,+97.898,+96.971,+95.461,+101.021,+104.592,+98.775,+99.563,+100.257,+98.415,+97.459,+96.365,+100.245,+101.627,+96.967,+97.471,+98.114
0,25,+57.130,+89.042,+91.133,+54.284,+63.075,+78.196,+91.988,+57.200,+55.924,+112.618,+78.291,+86.426,+78.891,+104.461,+120.006,+100.686,+96.089,+120.100,+61.761,+107.132,+97.756,+99.045,+98.242,+98.797,+101.687,+104.826,+99.997,+99.613,+99.412,+95.042,+102.776,+97.217,+103.700,+102.755,+95.912,+97.700,+100.161,+96.931,+99.052,+95.924
0,26,+91.157,+98.808,+81.856,+93.784,+47.888,+18.439,+92.457,+80.612,+48.667,+87.932,+65.307,+89.149,+87.206,+93.231,+54.234,+78.334,+128.000,+78.212,+107.913,+113.741,+95.340,+103.577,+103.398,+99.664,+104.551,+99.422,+102.013,+98.361,+95.208,+97.412,+103.675,+97.679,+103.038,+103.748,+98.678,+101.522,+101.758,+98.128,+96.855,+101.588
0,27,+84.372,+73.512,+84.032,+93.073,+52.170,+81.617,+83.656,+107.831,+51.921,+84.429,+98.696,+110.979,+79.741,+128.218,+126.096,+123.831,+112.539,+51.741,+92.258,+127.096,+96.336,+103.680,+98.850,+97.447,+97.393,+98.940,+101.449,+100.290,+102.371,+101.588,+97.732,+99.057,+100.595,+104.729,+104.721,+103.596,+97.369,+104.440,+96.290,+101.723
0,28,+66.821,+61.553,+71.085,+109.181,+43.970,+48.960,+80.625,+45.591,+114.675,+73.561,+97.929,+69.317,+78.323,+53.428,+70.999,+86.650,+89.613,+97.487,+78.649,+105.004,+95.761,+98.661,+101.308,+97.935,+96.670,+102.744,+100.225,+104.470,+99.099,+95.397,+96.494,+97.122,+100.685,+102.588,+97.635,+103.970,+100.905,+98.934,+104.428,+103.820
0,29,+142.031,+81.005,+133.932,+142.093,+85.032,+78.654,+123.223,+101.907,+79.889,+73.282,+65.025,+113.416,+73.667,+80.796,+155.735,+133.137,+111.337,+106.434,+87.507,+15.674,+101.389,+103.182,+104.752,+103.676,+97.922,+95.502,+95.039,+101.982,+104.708,+102.540,+101.840,+102.581,+99.589,+98.478,+96.746,+102.324,+95.279,+95.055,+103.529,+97.085
0,30,+115.233,+58.606,+81.611,+94.984,+93.260,+79.256,+83.983,+120.949,+65.411,+116.095,+134.449,+137.204,+98.671,+27.133,+82.219,+121.951,+72.818,+60.043,+114.494,+96.505,+101.023,+100.810,+98.722,+101.078,+100.412,+98.099,+104.378,+101.474,+101.240,+97.035,+96.928,+98.913,+98.001,+96.922,+96.573,+99.180,+100.221,+95.835,+98.542,+96.199
0,31,+94.625,+120.701,+124.331,+119.531,+68.451,+166.207,+86.672,+111.521,+109.326,+65.927,+84.359,+51.625,+74.654,+149.680,+76.996,+27.565,+30.307,+56.759,+91.486,+79.499,+104.032,+100.560,+99.488,+95.486,+96.110,+101.190,+104.502,+102.673,+95.533,+98.579,+97.983,+101.258,+102.839,+100.510,+97.924,+103.847,+98.295,+95.063,+101.799,+100.423
0,32,+98.165,+106.880,+81.378,+88.436,+51.390,+88.606,+118.871,+71.694,+75.459,+60.878,+141.184,+79.604,+73.177,+81.142,+77.552,+101.050,+73.090,+81.561,+101.205,+76.132,+98.525,+103.326,+103.116,+102.128,+100.180,+97.564,+101.634,+96.086,+100.839,+102.204,+102.527,+100.223,+104.563,+95.849,+95.616,+99.889,+95.011,+99.294,+97.448,+99.492
0,33,+74.480,+77.119,+72.632,+97.582,+88.146,+58.977,+97.024,+143.666,+132.555,+52.468,+138.438,+84.732,+61.839,+89.763,+118.711,+162.255,+111.388,+39.020,+66.415,+72.037,+100.613,+96.810,+96.059,+101.557,+104.283,+96.145,+104.927,+101.585,+102.955,+101.344,+104.584,+99.376,+96.121,+101.019,+98.577,+104.312,+98.640,+101.562,+104.748,+96.386
0,34,+82.165,+32.582,+103.400,+92.167,+25.735,+53.726,+36.037,+78.960,+81.507,+52.766,+138.558,+135.826,+79.661,+33.566,+87.617,+94.186,+119.390,+86.507,+71.378,+96.808,+102.100,+95.884,+101.189,+103.394,+97.917,+104.287,+99.719,+97.262,+99.060,+96.128,+99.813,+104.873,+103.620,+97.111,+97.994,+98.173,+102.504,+104.843,+96.673,+102.491
0,35,+104.454,+91.075,+139.294,+109.290,+80.093,+80.401,+103.474,+120.959,+62.473,+123.004,+101.818,+65.727,+108.205,+100.347,+51.750,+132.277,+87.166,+105.307,+103.300,+156.633,+100.407,+104.928,+101.172,+100.060,+95.361,+101.901,+103.152,+97.843,+103.535,+104.185,+103.773,+104.246,+102.581,+99.925,+98.049,+104.516,+103.578,+98.963,+97.126,+104.333
0,36,+139.359,+102.107,+89.046,+155.055,+19.582,+54.693,+37.558,+55.285,+22.296,+71.497,+80.335,+119.784,+106.881,+64.757,+103.129,+83.332,+51.568,+114.539,+73.046,+35.698,+102.581,+102.161,+96.447,+96.726,+104.937,+95.643,+97.308,+99.620,+98.865,+104.909,+99.608,+102.958,+97.192,+103.937,+102.020,+98.296,+100.842,+98.860,+100.072,+103.429
0,37,+113.083,+81.415,+121.554,+57.312,+31.784,+58.081,+66.040,+99.394,+101.046,+99.329,+91.993,+79.579,+110.101,+68.720,+64.109,+112.347,+122.926,+21.871,+105.683,+76.743,+96.240,+102.122,+98.958,+99.239,+95.336,+96.800,+103.657,+103.942,+101.728,+95.378,+101.780,+98.228,+101.404,+103.585,+100.015,+102.283,+98.641,+101.506,+97.291,+95.795
0,38,+89.415,+46.107,+121.104,+58.116,+57.068,+109.649,+91.379,+81.137,+112.440,+79.735,+98.170,+95.338,+63.505,+74.483,+74.068,+76.492,+90.358,+3.730,+76.971,+155.209,+95.198,+101.179,+95.281,+95.309,+95.960,+101.913,+95.420,+97.768,+98.256,+102.613,+99.115,+95.434,+104.410,+104.638,+103.506,+103.578,+98.762,+100.000,+99.678,+101.418
0,39,+97.752,+53.685,+79.390,+55.219,+98.687,+60.342,+121.555,+117.621,+30.580,+105.752,+95.635,+51.525,+125.257,+120.690,+139.285,+70.115,+73.265,+87.868,+100.293,+92.243,+101.454,+103.581,+101.942,+100.668,+101.247,+100.154,+103.782,+96.451,+103.898,+97.033,+99.561,+96.830,+104.705,+102.326,+101.376,+103.832,+102.989,+98.638,+96.302,+97.633
0,40,+87.368,+91.995,+111.587,+77.598,+82.331,+82.312,+95.797,+95.302,+63.784,+96.172,+133.852,+70.227,+86.673,+82.517,+83.523,+84.779,+42.186,+150.191,+118.029,+104.668,+95.075,+95.424,+103.724,+100.794,+95.771,+99.424,+102.838,+95.423,+102.985,+97.060,+103.657,+99.002,+103.441,+101.490,+99.248,+103.199,+104.731,+97.317,+102.455,+104.996
0,41,+114.073,+105.815,+72.459,+102.417,+98.073,+103.793,+59.898,+90.108,+135.522,+107.761,+51.455,+77.227,+82.106,+73.838,+63.709,+84.370,+90.528,+106.984,+107.208,+78.892,+96.428,+103.888,+100.102,+102.963,+101.003,+103.746,+103.229,+96.163,+103.350,+97.236,+97.637,+102.769,+97.072,+96.788,+102.596,+96.851,+100.941,+97.584,+103.455,+104.435
0,42,+108.042,+65.034,+92.284,+103.778,+55.811,+37.279,+70.699,+121.553,+62.149,+116.497,+116.067,+73.806,+81.868,+45.516,+110.526,+115.146,+74.701,+140.462,+107.589,+60.048,+101.188,+101.750,+98.051,+98.083,+98.787,+103.663,+98.295,+103.608,+101.718,+97.840,+97.449,+96.740,+99.593,+102.010,+98.991,+96.798,+96.490,+103.118,+95.993,+102.641
0,43,+137.729,+107.746,+116.614,+118.652,+51.644,+120.588,+88.431,+93.793,+98.577,+66.869,+71.448,+106.012,+56.556,+43.220,+178.158,+94.182,+83.760,+91.907,+112.373,+113.378,+100.183,+101.205,+99.887,+104.822,+99.103,+96.622,+100.934,+99.094,+99.673,+102.917,+101.458,+99.911,+100.963,+99.582,+95.720,+99.798,+104.886,+99.533,+98.927,+97.050
0,44,+41.153,+179.371,+127.339,+78.403,+66.019,+127.900,+135.496,+38.170,+110.351,+69.537,+125.762,+101.470,+139.012,+88.375,+99.865,+35.954,+110.046,+127.384,+141.910,+89.293,+103.310,+95.482,+100.910,+96.357,+96.891,+104.803,+97.542,+98.494,+99.572,+98.227,+96.285,+104.741,+97.640,+100.707,+99.219,+96.821,+104.770,+96.489,+101.393,+95.173
0,45,+62.665,+78.414,+119.337,+56.362,+83.864,+115.892,+64.448,+111.291,+126.729,+52.952,+60.885,+63.899,+101.908,+105.221,+80.454,+53.612,+123.198,+126.556,+122.886,+36.955,+98.441,+95.565,+102.227,+101.310,+99.216,+95.079,+104.509,+100.778,+96.422,+100.891,+99.137,+101.306,+96.938,+95.298,+97.705,+97.963,+103.823,+95.923,+97.377,+104.397
0,46,+54.861,+133.927,+116.101,+107.766,+47.118,+82.625,+69.443,+105.181,+88.577,+59.151,+114.123,+99.879,+85.792,+89.730,+95.101,+84.556,+80.191,+85.285,+57.982,+82.630,+104.204,+100.253,+97.726,+101.370,+102.664,+104.051,+99.716,+102.129,+100.599,+95.878,+101.174,+103.958,+95.939,+95.297,+101.619,+101.517,+101.781,+96.475,+96.325,+102.805
0,47,+89.271,+54.131,+118.360,+119.353,+89.852,+51.761,+71.231,+102.622,+102.641,+38.831,+118.465,+77.519,+54.114,+42.675,+110.066,+76.184,+85.890,+122.630,+89.523,+68.216,+100.857,+98.694,+95.436,+103.668,+95.610,+104.822,+104.877,+103.669,+96.505,+101.020,+98.001,+104.408,+98.024,+96.493,+103.734,+96.964,+96.314,+97.519,+103.234,+96.044
0,48,+167.229,+107.612,+104.278,+83.509,+84.907,+98.796,+78.165,+117.181,+70.221,+49.707,+91.345,+121.844,+89.764,+153.231,+148.440,+134.137,+63.923,+106.847,+33.519,+94.830,+95.655,+103.259,+100.790,+101.151,+101.806,+102.277,+103.282,+100.820,+96.146,+99.406,+99.567,+102.032,+102.492,+104.984,+97.253,+97.124,+97.165,+99.426,+100.138,+100.522
0,49,+75.209,+121.989,+122.653,+57.082,+90.929,+114.700,+83.896,+71.668,+34.508,+26.900,+65.066,+134.562,+83.024,+62.133,+74.626,+97.551,+86.000,+105.821,+144.665,+60.692,+102.085,+100.026,+99.871,+95.470,+102.105,+102.522,+103.826,+102.013,+100.818,+99.912,+104.732,+102.663,+98.165,+104.650,+99.220,+101.929,+103.705,+102.121,+95.891,+97.043
0,50,+114.312,+116.185,+67.667,+88.129,+97.058,+96.809,+121.603,+86.529,+132.841,+112.969,+108.054,+123.391,+104.086,+26.918,+60.538,+99.071,+57.084,+114.555,+141.215,+115.974,+100.323,+97.208,+104.815,+103.614,+104.934,+104.246,+104.535,+100.501,+99.914,+95.916,+96.637,+98.279,+101.587,+100.871,+102.927,+100.367,+98.081,+98.611,+101.308,+102.461
0,51,+130.990,+124.949,+67.321,+75.011,+90.650,+95.887,+120.311,+98.020,+88.001,+30.940,+99.578,+126.809,+48.870,+121.144,+39.880,+118.893,+86.503,+115.537,+114.335,+118.082,+95.834,+100.050,+101.786,+95.990,+97.435,+99.212,+95.185,+104.823,+99.280,+100.282,+102.052,+99.100,+99.738,+96.502,+96.633,+104.733,+98.710,+104.562,+101.488,+102.932
0,52,+38.462,+51.293,+88.986,+51.065,+63.470,+104.156,+130.965,+95.569,+109.066,+55.604,+89.383,+69.614,+77.989,+107.998,+56.873,+128.353,+91.693,+17.203,+137.637,+61.855,+96.457,+95.220,+96.268,+100.807,+96.580,+101.441,+100.852,+96.723,+102.106,+96.822,+95.131,+95.702,+100.346,+103.979,+102.676,+96.648,+95.891,+100.115,+103.535,+101.593
0,53,+89.515,+104.887,+41.249,+85.903,+105.933,+81.680,+78.429,+53.526,+88.527,+111.056,+63.535,+84.509,+85.846,+135.279,+80.672,+75.959,+90.679,+95.273,+36.882,+115.448,+98.896,+99.407,+99.222,+104.490,+104.850,+100.004,+104.554,+98.478,+102.075,+103.009,+100.298,+98.027,+98.770,+96.174,+101.967,+101.899,+102.447,+97.968,+98.124,+96.736
0,54,+91.846,+44.773,+97.091,+110.536,+91.448,+151.156,+78.443,+66.661,+92.800,+126.440,+41.553,+92.673,+71.077,+125.677,+73.846,+101.645,+75.520,+130.555,+78.003,+70.931,+103.282,+100.227,+96.709,+102.198,+101.467,+99.576,+100.902,+95.450,+99.409,+96.175,+95.880,+103.803,+104.464,+104.988,+101.531,+101.014,+96.833,+98.335,+98.665,+96.026
0,55,+108.971,+63.003,+154.898,+139.612,+73.962,+26.661,+75.323,+73.165,+107.717,+71.105,+115.864,+85.609,+102.363,+119.982,+82.930,+64.129,+82.692,+98.496,+111.452,+20.347,+102.670,+103.606,+103.753,+101.673,+104.092,+104.351,+101.890,+102.915,+99.920,+95.261,+99.022,+101.407,+104.932,+100.744,+96.435,+97.653,+100.673,+95.547,+104.117,+102.336
0,56,+5.164,+122.898,+61.044,+43.345,+52.463,+75.788,+77.670,+133.884,+118.019,+86.062,+79.072,+77.513,+58.237,+114.813,+50.345,+103.664,+51.957,+151.279,+92.760,+122.171,+103.219,+102.484,+97.536,+104.814,+102.668,+96.066,+103.119,+101.942,+96.366,+98.200,+103.378,+101.420,+98.520,+96.748,+95.550,+97.452,+95.800,+98.810,+100.101,+100.635
0,57,+57.158,+164.562,+119.927,+89.566,+84.781,+100.394,+72.405,+122.239,+80.680,+57.593,+60.274,+95.898,+72.949,+110.403,+72.249,+123.439,+81.336,+70.012,+135.783,+123.961,+100.712,+103.633,+97.966,+100.201,+103.285,+95.460,+97.251,+104.508,+95.271,+103.458,+96.842,+102.934,+97.324,+103.646,+97.211,+101.619,+102.924,+100.440,+96.381,+103.685
0,58,+63.106,+74.704,+96.164,+108.980,+90.788,+106.942,+125.720,+85.259,+149.365,+83.456,+82.453,+114.332,+91.109,+90.692,+102.590,+120.963,+118.979,+37.812,+81.781,+109.286,+95.555,+95.607,+104.251,+102.893,+100.489,+96.769,+103.665,+97.872,+101.740,+101.029,+95.165,+99.593,+104.231,+103.569,+96.253,+98.882,+103.166,+103.976,+96.731,+103.171
0,59,+149.947,+107.909,+104.497,+100.709,+103.332,+82.709,+138.427,+114.166,+81.318,+100.554,+100.931,+61.119,+149.918,+106.916,+124.408,+112.995,+57.208,+80.763,+109.155,+102.572,+98.688,+97.436,+101.048,+97.288,+97.941,+96.568,+95.466,+101.800,+99.537,+100.230,+99.868,+103.589,+98.729,+99.746,+104.376,+97.552,+99.575,+99.830,+102.762,+99.829
0,60,+107.816,+125.701,+82.594,+84.482,+31.793,+59.101,+100.511,+137.227,+75.021,+29.938,+60.243,+93.198,+153.638,+73.946,+107.166,+36.713,+76.913,+124.577,+57.935,+118.910,+104.641,+103.257,+95.813,+98.867,+96.319,+101.262,+98.418,+102.426,+102.599,+96.468,+98.955,+102.291,+101.604,+102.493,+101.364,+98.556,+98.006,+103.167,+96.786,+102.312
0,61,+134.669,+43.145,+64.619,+85.074,+99.349,+79.137,+111.148,+94.392,+68.373,+100.650,+46.978,+34.251,+103.089,+204.782,+99.674,+70.845,+68.783,+116.765,+80.536,+150.370,+96.665,+104.152,+97.982,+100.510,+103.109,+101.069,+103.312,+95.070,+101.935,+103.371,+102.670,+99.755,+101.688,+96.879,+104.290,+100.827,+101.954,+96.775,+95.991,+97.639
0,62,+71.493,+62.268,+72.268,+164.857,+104.145,+56.557,+94.633,+94.686,+42.759,+84.963,+87.165,+122.569,+140.804,+56.098,+59.096,+104.054,+78.150,+68.733,+69.417,+69.145,+104.969,+103.499,+103.346,+95.277,+100.366,+97.544,+97.932,+101.438,+101.424,+101.558,+100.139,+96.655,+96.752,+98.736,+100.055,+96.443,+95.638,+104.400,+101.983,+104.209
0,63,+58.160,+53.371,+71.521,+59.066,+100.155,+140.453,+107.415,+99.796,+98.113,+136.486,+60.093,+154.733,+65.415,+70.263,+101.789,+115.956,+64.798,+88.630,+58.724,+107.900,+101.139,+102.149,+102.584,+97.880,+100.828,+97.627,+103.466,+102.244,+101.674,+96.184,+98.804,+104.598,+97.914,+103.851,+103.473,+102.506,+96.883,+99.780,+99.163,+104.765
0,64,+99.758,+126.680,+114.762,+91.175,+74.591,+34.254,+82.206,+113.152,+104.853,+138.572,+122.677,+92.149,+131.694,+91.524,+75.969,+125.917,+81.619,+91.823,+133.079,+95.756,+96.784,+103.380,+100.449,+99.499,+103.689,+96.368,+96.277,+100.754,+96.385,+97.455,+96.596,+102.938,+100.897,+99.724,+96.503,+102.349,+104.386,+99.502,+100.215,+99.383
0,65,+117.990,+80.435,+56.129,+56.471,+139.223,+69.691,+113.182,+41.542,+32.527,+98.735,+100.707,+102.787,+111.407,+123.341,+95.122,+85.117,+125.688,+99.559,+117.811,+102.095,+99.798,+103.624,+100.648,+102.268,+100.403,+103.182,+98.818,+99.125,+104.325,+95.755,+100.251,+96.075,+104.347,+102.023,+97.288,+97.680,+101.209,+103.259,+102.630,+98.902
0,66,+42.336,+91.235,+123.704,+81.905,+120.624,+174.672,+100.560,+86.713,+90.111,+110.704,+82.194,+117.965,+124.363,+39.860,+85.415,+112.902,+120.417,+164.087,+88.435,+29.784,+96.630,+104.630,+102.579,+96.660,+95.034,+101.160,+102.592,+96.805,+96.835,+102.917,+102.575,+103.960,+104.373,+97.193,+101.732,+103.012,+99.229,+104.337,+96.983,+99.896
0,67,+155.399,+115.341,+49.253,+129.097,+54.915,+78.089,+60.498,+77.922,+111.358,+61.108,+101.269,+138.777,+82.502,+74.324,+114.621,+118.141,+154.012,+102.343,+96.870,+71.762,+103.531,+98.836,+95.288,+99.175,+103.519,+100.053,+100.243,+96.675,+97.040,+99.688,+98.619,+102.629,+101.462,+98.122,+96.182,+101.494,+99.470,+96.497,+98.563,+95.134
0,68,+69.961,+61.565,+94.944,+78.799,+102.689,+121.125,+68.852,+97.653,+117.555,+92.536,+115.582,+21.957,+71.018,+130.824,+53.927,+113.411,+50.327,+77.012,+68.866,+96.299,+99.848,+103.642,+97.088,+101.792,+97.167,+100.523,+100.913,+102.493,+104.262,+99.281,+102.740,+101.481,+97.128,+100.333,+97.609,+100.606,+101.781,+96.299,+102.485,+98.343
0,69,+103.293,+105.494,+99.398,+104.651,+53.644,+135.674,+53.031,+73.302,+105.195,+40.895,+97.993,+126.401,+80.545,+78.927,+26.325,+65.714,+152.281,+92.744,+93.266,+97.844,+100.441,+101.302,+96.141,+99.153,+97.749,+104.763,+95.827,+101.216,+96.299,+98.715,+99.104,+101.750,+102.801,+99.488,+97.484,+98.998,+97.439,+100.301,+100.041,+104.892
0,70,+60.695,+72.821,+125.307,+96.480,+116.426,+106.087,+60.640,+74.651,+97.622,+56.977,+63.156,+73.632,+98.997,+111.480,+49.357,+88.202,+67.480,+105.310,+122.693,+96.206,+103.182,+97.044,+97.587,+95.590,+95.301,+102.957,+101.835,+100.793,+97.018,+100.615,+99.121,+99.978,+99.964,+98.706,+103.438,+103.460,+101.563,+97.324,+102.236,+103.038
0,71,+102.135,+89.582,+106.845,+110.468,+80.863,+83.780,+137.466,+75.172,+70.278,+78.020,+124.672,+169.466,+122.491,+119.820,+72.113,+75.959,+102.940,+79.452,+156.327,+63.150,+95.153,+101.252,+95.515,+96.245,+99.412,+101.795,+98.526,+95.406,+102.598,+103.992,+99.396,+98.818,+104.705,+98.809,+104.995,+96.763,+96.632,+96.704,+102.296,+100.511
0,72,+70.435,+73.416,+61.126,+114.363,+97.560,+59.417,+98.205,+88.064,+127.201,+68.252,+81.824,+84.708,+157.199,+51.436,+86.994,+51.443,+93.154,+76.757,+92.582,+86.653,+104.839,+103.724,+104.025,+99.745,+98.661,+104.570,+99.250,+95.127,+97.430,+103.536,+99.483,+99.697,+97.019,+95.478,+101.279,+104.623,+96.831,+101.068,+96.182,+104.858
0,73,+102.383,+49.163,+66.439,+71.386,+113.861,+149.525,+117.763,+101.215,+128.785,+92.395,+105.402,+129.862,+78.916,+105.857,+42.868,+69.866,+80.484,+131.774,+78.516,+50.716,+98.439,+98.857,+98.737,+102.111,+103.069,+102.870,+103.647,+102.540,+104.836,+103.372,+99.798,+95.090,+96.466,+102.500,+103.847,+102.995,+103.387,+104.852,+104.855,+97.229
0,74,+97.831,+124.946,+94.066,+79.314,+119.447,+57.113,+92.808,+60.396,+144.843,+82.531,+80.929,+90.044,+78.719,+123.149,+111.080,+106.793,+56.965,+108.226,+127.328,+64.450,+95.347,+99.865,+98.944,+97.816,+103.725,+103.341,+100.466,+102.018,+104.402,+103.983,+104.359,+96.096,+102.166,+95.579,+97.333,+99.235,+102.996,+103.706,+103.526,+96.789
0,75,+73.267,+73.121,+81.382,+62.681,+124.438,+76.025,+104.432,+101.659,+90.676,+88.894,+78.549,+146.188,+50.282,+75.020,+81.545,+90.718,+128.950,+101.944,+109.927,+46.278,+100.455,+101.228,+101.705,+100.814,+101.572,+100.463,+99.784,+104.339,+104.812,+95.668,+95.647,+100.794,+102.754,+98.404,+96.417,+98.873,+103.133,+100.721,+103.358,+96.182
0,76,+96.400,+101.143,+72.257,+50.767,+89.039,+64.899,+75.058,+59.662,+103.874,+103.793,+50.043,+80.692,+110.939,+48.182,+117.960,+133.518,+84.977,+74.762,+3.086,+124.520,+103.899,+103.993,+101.667,+95.286,+102.677,+97.165,+100.880,+98.529,+102.405,+103.627,+96.490,+95.190,+95.549,+95.048,+103.862,+98.021,+95.010,+101.650,+100.516,+100.468
0,77,+97.092,+76.804,+56.541,+93.466,+60.740,+94.826,+69.734,+97.555,+70.395,+55.374,+56.665,+108.901,+83.942,+83.170,+58.549,+67.791,+64.262,+15.045,+35.308,+100.792,+98.997,+100.843,+95.267,+95.377,+103.365,+99.121,+103.978,+99.638,+102.810,+101.138,+102.379,+100.766,+97.912,+99.728,+100.114,+97.274,+97.223,+96.451,+104.314,+95.509
0,78,+40.462,+185.395,+88.557,+62.764,+45.806,+66.704,+89.394,+66.025,+89.723,+145.041,+83.592,+107.198,+53.796,+89.781,+132.920,+104.851,+99.660,+50.639,+43.736,+151.056,+99.543,+104.401,+97.433,+102.735,+101.562,+102.192,+95.394,+99.673,+100.323,+100.947,+103.922,+95.444,+102.444,+99.705,+100.851,+100.776,+95.009,+96.416,+97.351,+104.646
0,79,+76.980,+81.246,+124.050,+89.526,+115.723,+42.411,+113.348,+70.108,+100.321,+95.569,+111.565,+74.800,+69.715,+83.609,+88.165,+37.596,+73.789,+80.785,+50.838,+96.075,+96.838,+104.310,+102.219,+103.958,+101.096,+96.613,+100.431,+99.514,+102.109,+104.105,+100.334,+98.750,+95.339,+96.604,+103.494,+96.412,+97.668,+104.438,+97.160,+98.164
0,80,+118.110,+70.323,+116.751,+84.098,+108.017,+117.708,+103.820,+86.557,+46.073,+56.746,+76.343,+108.733,+19.792,+123.117,+88.422,+105.856,+74.046,+77.709,+91.684,+88.492,+95.231,+97.767,+96.374,+99.270,+97.295,+101.476,+103.999,+104.874,+99.909,+95.881,+99.745,+102.258,+104.938,+101.784,+104.621,+95.778,+104.800,+101.813,+99.102,+96.441
0,81,+135.587,+131.434,+117.934,+48.079,+105.185,+32.391,+105.987,+111.619,+106.800,+87.860,+55.237,+79.644,+27.874,+92.343,+99.705,+83.053,+116.536,+66.774,+112.296,+90.557,+101.832,+102.926,+99.767,+99.373,+98.146,+103.647,+98.367,+98.588,+98.501,+98.497,+99.744,+104.546,+104.863,+104.178,+98.928,+98.522,+96.153,+101.349,+102.425,+95.732
0,82,+78.260,+56.069,+70.246,+71.380,+54.462,+83.185,+63.092,+73.790,+111.365,+127.666,+85.678,+101.900,+85.102,+158.033,+93.365,+68.996,+107.577,+91.666,+91.731,+89.971,+102.772,+96.648,+103.095,+98.316,+95.624,+95.942,+96.451,+98.094,+104.444,+95.265,+104.548,+100.498,+102.334,+104.499,+102.599,+104.728,+95.440,+100.040,+95.567,+103.438
0,83,+145.943,+72.127,+85.166,+194.643,+108.119,+129.594,+201.381,+82.421,+70.737,+101.083,+66.514,+37.202,+152.004,+143.197,+90.072,+108.606,+83.931,+9.379,+112.875,+83.509,+100.593,+95.819,+103.030,+101.947,+100.729,+101.487,+98.345,+97.216,+100.461,+95.110,+97.480,+103.142,+102.007,+101.115,+103.224,+98.669,+96.478,+100.503,+104.251,+104.065
0,84,+71.396,+97.623,+86.102,+63.478,+98.258,+102.997,+85.019,+99.193,+98.854,+128.113,+135.911,+121.750,+106.052,+76.680,+114.855,+118.372,+104.820,+103.338,+19.683,+174.336,+100.091,+97.838,+98.463,+102.789,+95.688,+103.529,+95.212,+97.983,+101.276,+96.766,+95.915,+96.046,+103.365,+102.231,+101.518,+104.645,+99.924,+102.101,+97.738,+97.094
0,85,+90.808,+144.354,+75.435,+100.008,+107.631,+81.453,+56.528,+101.465,+66.067,+120.498,+137.908,+105.833,+119.612,+77.418,+73.406,+40.310,+56.104,+110.064,+39.161,+81.595,+96.332,+101.845,+95.247,+103.227,+102.552,+100.704,+104.784,+101.975,+98.934,+98.580,+104.815,+101.578,+102.807,+95.110,+96.983,+99.397,+101.670,+97.923,+98.825,+104.002
0,86,+80.122,+82.296,+136.241,+50.560,+92.429,+60.236,+87.065,+84.344,+74.038,+107.472,+101.541,+112.008,+73.534,+120.217,+106.876,+60.339,+107.808,+107.850,+106.652,+31.384,+103.292,+98.345,+101.299,+95.584,+101.529,+104.042,+99.422,+98.446,+99.740,+102.300,+103.665,+101.704,+99.028,+95.451,+102.759,+100.883,+102.732,+97.335,+99.201,+103.968
0,87,+77.482,+133.210,+104.659,+13.229,+64.910,+144.533,+72.083,+85.007,+104.121,+101.464,+87.830,+79.263,+125.268,+81.238,+66.427,+75.530,+62.355,+98.558,+52.469,+78.298,+95.053,+100.067,+101.255,+103.045,+102.892,+97.925,+103.514,+95.557,+96.611,+97.184,+101.857,+102.434,+95.941,+97.143,+95.178,+100.682,+102.889,+98.556,+103.418,+103.170
0,88,+69.195,+152.538,+58.031,+59.444,+111.613,+92.331,+53.921,+82.616,+23.620,+143.807,+150.445,+80.854,+49.033,+70.648,+22.110,+91.745,+88.140,+93.177,+49.840,+96.190,+101.862,+97.922,+99.274,+104.948,+98.235,+97.986,+99.028,+103.667,+95.008,+100.583,+101.701,+100.785,+104.247,+98.981,+103.718,+99.902,+103.964,+98.901,+97.822,+97.790
0,89,+153.330,+108.559,+119.028,+111.563,+133.666,+58.109,+65.757,+127.427,+121.763,+140.416,+36.174,+70.838,+124.118,+124.143,+113.822,+100.089,+94.783,+117.390,+132.676,+132.700,+101.133,+104.251,+102.721,+98.276,+100.588,+104.036,+100.839,+100.927,+103.464,+102.732,+102.313,+100.135,+99.081,+104.788,+97.373,+99.749,+98.490,+103.674,+101.966,+99.353
0,90,+100.035,+61.536,+107.578,+95.329,+81.418,+100.482,+65.714,+87.476,+188.099,+89.265,+83.557,+23.237,+103.258,+24.030,+107.755,+56.835,+151.613,+31.498,+105.055,+120.806,+96.586,+102.085,+100.753,+95.873,+96.284,+104.547,+102.075,+102.231,+100.073,+102.627,+102.748,+96.005,+103.067,+95.027,+97.457,+100.816,+96.587,+103.116,+103.405,+103.185
0,91,+97.703,+92.257,+134.216,+109.830,+84.444,+86.617,+85.383,+78.032,+77.874,+95.579,+73.286,+55.600,+74.568,+85.468,+93.777,+159.546,+71.268,+117.187,+71.142,+101.501,+104.919,+97.719,+101.502,+103.091,+99.897,+103.881,+96.080,+103.691,+103.000,+103.767,+100.794,+103.664,+100.715,+104.046,+98.552,+100.422,+96.944,+102.359,+102.446,+103.317
0,92,+102.348,+124.516,+56.985,+92.405,+108.305,+90.362,+112.750,+87.938,+73.930,+52.973,+68.462,+61.512,+109.956,+74.991,+94.839,+145.533,+95.592,+106.938,+32.967,+98.627,+102.543,+95.858,+103.832,+98.446,+103.415,+95.275,+102.359,+103.797,+98.220,+101.686,+100.612,+95.981,+100.010,+97.853,+104.426,+101.509,+100.238,+98.619,+103.201,+96.500
0,93,+109.533,+79.598,+73.439,+141.275,+56.485,+97.509,+137.059,+78.417,+170.564,+119.239,+120.903,+87.983,+62.792,+100.155,+78.969,+47.304,+97.702,+107.011,+115.888,+124.384,+99.497,+98.006,+95.234,+101.665,+104.740,+95.496,+98.652,+104.065,+101.028,+98.600,+100.460,+103.400,+100.148,+103.880,+102.492,+96.116,+100.719,+100.569,+101.743,+95.116
0,94,+152.337,+93.408,+98.835,+89.032,+72.462,+132.029,+94.940,+89.970,+106.022,+143.592,+114.973,+85.473,+163.931,+72.753,+77.653,+97.029,+104.378,+102.132,+68.554,+110.405,+102.781,+100.074,+101.923,+100.431,+99.834,+101.161,+97.750,+98.043,+100.394,+103.201,+101.970,+104.083,+99.658,+95.672,+102.720,+104.196,+96.949,+104.811,+104.598,+101.361
0,95,+101.206,+75.171,+71.603,+125.435,+73.326,+98.726,+64.193,+77.739,+123.287,+94.002,+68.978,+62.894,+114.159,+33.487,+73.131,+74.698,+149.210,+119.769,+120.769,+116.762,+100.577,+95.136,+95.819,+99.106,+100.789,+97.947,+99.825,+101.992,+101.762,+104.269,+95.103,+99.381,+100.650,+101.715,+97.523,+98.266,+103.690,+97.514,+102.690,+102.305
0,96,+90.893,+39.909,+106.087,+55.418,+68.568,+149.645,+88.243,+77.853,+108.802,+98.088,+90.820,+126.745,+55.821,+97.235,+120.492,+59.227,+79.432,+74.229,+65.512,+50.771,+103.759,+98.408,+98.038,+101.377,+103.038,+98.898,+104.630,+101.611,+100.005,+102.150,+99.768,+97.216,+97.889,+104.054,+97.584,+98.443,+96.827,+104.877,+95.971,+102.214
0,97,+100.185,+82.092,+39.185,+99.441,+121.197,+126.948,+135.921,+116.481,+90.414,+50.032,+81.889,+89.496,+72.703,+71.160,+56.295,+56.303,+91.973,+97.485,+99.482,+77.785,+100.475,+103.458,+98.582,+96.146,+99.460,+97.289,+101.958,+104.543,+97.792,+104.648,+103.498,+100.244,+104.598,+101.096,+101.112,+97.707,+101.399,+97.681,+99.218,+98.126
0,98,+124.213,+107.337,+143.808,+119.958,+123.548,+85.055,+94.359,+73.326,+74.425,+106.469,+110.221,+60.791,+48.580,+47.607,+54.295,+100.254,+64.524,+87.467,+108.890,+98.426,+98.137,+104.347,+98.206,+102.580,+104.867,+104.969,+102.194,+100.674,+99.958,+101.320,+96.354,+99.466,+104.567,+96.925,+95.595,+95.580,+98.883,+97.579,+95.891,+96.453
0,99,+133.444,+126.303,+103.622,+105.183,+71.960,+73.733,+79.250,+143.436,+81.824,+86.840,+33.986,+92.439,+119.369,+73.923,+103.176,+114.722,+66.670,+59.125,+115.324,+54.585,+95.411,+99.411,+100.521,+99.236,+101.573,+98.909,+99.610,+103.582,+102.868,+97.679,+103.928,+99.731,+104.043,+100.235,+98.251,+96.154,+95.211,+104.726,+104.621,+97.774
0,100,+27.771,+126.391,+56.852,+97.380,+54.687,+111.356,+89.300,+104.383,+108.175,+130.481,+72.500,+129.491,+63.728,+78.295,+116.056,+72.118,+101.066,+74.549,+80.153,+152.371,+95.695,+97.340,+97.311,+101.690,+104.554,+96.310,+98.336,+97.172,+104.524,+98.004,+96.827,+96.839,+100.880,+99.935,+100.051,+102.604,+95.006,+99.749,+99.863,+104.566
0,101,+138.156,+36.239,+77.787,+68.580,+106.429,+70.181,+36.825,+76.975,+88.556,+55.271,+80.252,+79.047,+87.118,+108.494,+41.493,+85.757,+113.664,+114.247,+88.169,+115.007,+101.884,+102.628,+103.010,+95.718,+96.679,+100.113,+97.165,+96.203,+102.299,+102.387,+102.767,+102.314,+99.231,+99.164,+99.597,+103.063,+103.619,+100.146,+102.676,+96.919
0,102,+62.930,+67.154,+151.374,+97.109,+87.997,+50.102,+113.367,+138.489,+110.257,+105.859,+99.941,+78.146,+99.198,+116.287,+94.260,+109.947,+89.981,+38.260,+73.206,+29.056,+103.035,+100.297,+100.609,+101.720,+96.503,+102.167,+102.403,+95.997,+101.670,+102.298,+100.346,+104.640,+95.657,+97.196,+103.475,+102.523,+98.443,+100.707,+103.579,+97.066
0,103,+137.434,+115.862,+50.975,+68.609,+62.554,+87.832,+101.345,+104.839,+62.529,+97.823,+104.347,+84.417,+102.023,+102.566,+58.770,+80.484,+154.874,+121.719,+104.878,+83.149,+97.722,+101.935,+95.354,+98.895,+98.275,+97.700,+104.210,+104.313,+101.466,+97.503,+100.363,+97.681,+104.203,+102.681,+100.722,+101.447,+99.198,+96.175,+95.232,+99.385
0,104,+89.227,+79.008,+37.305,+120.633,+129.642,+49.094,+133.150,+54.417,+67.266,+100.737,+93.427,+119.830,+110.362,+42.264,+90.241,+75.697,+85.062,+78.059,+112.580,+74.863,+103.590,+104.058,+101.391,+98.341,+98.169,+102.777,+102.051,+104.766,+100.768,+104.241,+102.251,+95.843,+104.809,+100.795,+99.160,+103.030,+99.304,+101.622,+96.243,+104.293
0,105,+85.642,+149.858,+90.983,+35.963,+123.704,+64.699,+76.009,+53.412,+114.084,+162.253,+83.014,+68.631,+46.390,+80.234,+72.053,+71.400,+116.528,+116.938,+87.702,+115.332,+96.898,+101.307,+96.528,+95.079,+104.371,+101.736,+95.877,+103.627,+101.719,+97.507,+103.252,+103.775,+101.183,+99.166,+101.749,+100.012,+97.371,+100.934,+102.471,+95.988
0,106,+71.261,+109.006,+105.671,+29.664,+105.337,+82.488,+141.681,+90.202,+51.677,+73.905,+127.342,+95.933,+97.705,+77.296,+63.306,+101.956,+120.387,+133.606,+51.195,+87.438,+98.781,+103.951,+102.752,+104.240,+99.474,+96.149,+104.355,+104.103,+103.909,+104.145,+97.710,+101.217,+95.539,+98.220,+103.798,+102.151,+103.716,+104.839,+102.199,+101.544
0,107,+72.839,+91.312,+62.672,+76.163,+115.850,+89.907,+68.381,+153.039,+101.218,+96.504,+60.343,+51.929,+44.516,+48.885,+82.490,+95.064,+121.314,+104.433,+60.229,+84.928,+104.345,+95.149,+102.465,+102.246,+103.593,+103.702,+95.926,+97.786,+97.054,+101.475,+97.559,+96.312,+98.087,+98.870,+97.911,+104.824,+103.979,+97.771,+100.206,+99.108
0,108,+152.432,+64.178,+92.907,+67.144,+85.502,+98.071,+85.641,+128.012,+67.726,+136.377,+67.794,+57.436,+107.737,+130.654,+132.496,+108.690,+123.536,+73.774,+98.796,+141.680,+103.696,+101.018,+96.083,+101.214,+99.694,+102.834,+104.352,+104.380,+104.984,+101.966,+101.471,+97.206,+95.826,+98.295,+103.610,+103.683,+101.237,+96.070,+97.325,+101.879
0,109,+76.539,+68.461,+118.444,+146.361,+75.249,+42.043,+86.078,+115.634,+104.647,+69.191,+90.443,+59.439,+97.285,+47.758,+117.494,+102.605,+105.360,+88.706,+130.267,+59.368,+98.642,+103.678,+100.487,+103.931,+99.948,+104.553,+103.895,+102.358,+100.714,+101.896,+98.139,+95.050,+102.519,+104.451,+101.188,+95.529,+101.003,+99.485,+103.875,+100.212
0,110,+140.127,+79.798,+64.140,+111.854,+57.581,+62.483,+98.011,+127.217,+79.612,+113.213,+71.136,+74.231,+58.187,+106.517,+43.194,+105.390,+151.389,+150.732,+62.778,+117.919,+103.087,+100.696,+97.608,+96.868,+96.403,+98.505,+100.872,+99.075,+101.218,+96.806,+95.565,+101.572,+96.029,+95.097,+95.022,+98.664,+98.809,+97.015,+100.260,+98.228
0,111,+103.155,+117.856,+118.888,+115.223,+95.898,+46.607,+101.649,+84.859,+87.512,+88.554,+148.306,+44.099,+151.839,+114.041,+129.553,+98.871,+75.564,+62.197,+64.731,+52.885,+101.369,+104.272,+98.645,+100.860,+99.056,+100.675,+99.388,+97.132,+96.377,+100.266,+97.047,+101.446,+95.111,+102.543,+104.869,+96.339,+95.898,+102.713,+96.490,+103.636
0,112,+108.726,+94.868,+78.884,+125.706,+112.812,+38.065,+83.149,+133.653,+155.582,+120.431,+88.404,+81.075,+70.743,+129.159,+108.877,+68.780,+68.642,+97.489,+129.335,+127.326,+98.941,+100.693,+96.998,+95.804,+97.903,+96.309,+104.460,+104.435,+99.005,+97.094,+103.826,+95.707,+99.585,+104.058,+103.884,+102.959,+97.838,+98.601,+96.966,+102.848
0,113,+126.180,+92.739,+98.380,+37.825,+98.339,+47.078,+151.399,+73.874,+101.231,+112.611,+63.974,+35.086,+78.079,+76.232,+86.438,+112.419,+126.596,+97.333,+97.645,+18.548,+99.912,+96.480,+102.760,+95.681,+103.746,+101.611,+100.115,+96.153,+95.197,+95.971,+103.409,+101.101,+95.346,+102.079,+98.080,+104.568,+104.901,+96.099,+100.955,+100.406
0,114,+80.980,+113.691,+105.949,+86.557,+108.695,+75.117,+66.489,+42.234,+67.953,+66.502,+84.152,+57.792,+99.736,+110.890,+116.915,+107.982,+48.010,+115.880,+87.325,+72.724,+99.579,+98.779,+96.593,+95.452,+103.686,+102.027,+99.666,+99.179,+101.804,+98.323,+98.620,+98.702,+98.298,+99.525,+100.165,+97.394,+103.570,+95.223,+95.189,+100.303
0,115,+46.737,+114.403,+92.036,+53.021,+129.811,+110.471,+92.355,+144.255,+100.902,+78.728,+103.810,+76.426,+72.827,+66.136,+40.531,+72.392,+113.939,+55.193,+106.126,+106.476,+97.632,+100.150,+101.245,+102.384,+95.511,+100.479,+95.674,+99.291,+95.112,+103.616,+102.130,+103.445,+104.207,+100.561,+96.916,+102.285,+104.292,+96.212,+104.173,+99.004
0,116,+22.914,+110.595,+78.316,+59.477,+119.813,+127.092,+108.729,+63.310,+45.221,+47.428,+103.276,+82.748,+123.853,+90.901,+91.363,+69.465,+121.114,+92.820,+68.393,+108.663,+95.331,+100.656,+95.745,+102.360,+98.908,+97.754,+102.281,+102.940,+99.814,+104.743,+103.146,+101.971,+103.372,+102.537,+104.243,+99.473,+104.247,+96.067,+102.152,+99.720
0,117,+115.439,+103.934,+70.714,+102.359,+58.549,+101.915,+75.178,+99.131,+78.945,+63.408,+72.818,+80.529,+64.334,+119.105,+107.125,+95.915,+157.980,+142.003,+96.030,+113.947,+98.912,+101.380,+103.978,+101.981,+97.824,+96.087,+97.197,+99.852,+102.688,+103.444,+103.600,+101.119,+101.757,+95.183,+101.341,+104.223,+102.485,+99.393,+103.445,+100.555
0,118,+85.009,+62.347,+102.992,+79.647,+88.908,+72.687,+83.483,+118.192,+35.087,+105.506,+125.611,+38.516,+19.030,+56.870,+64.475,+109.678,+88.446,+57.322,+78.043,+112.049,+100.623,+95.232,+102.164,+96.145,+103.515,+103.532,+96.558,+100.344,+98.789,+101.205,+97.233,+101.952,+99.717,+97.574,+101.702,+99.862,+96.376,+99.333,+99.422,+98.808
0,119,+73.096,+100.410,+114.895,+66.229,+91.142,+74.938,+137.777,+77.015,+143.029,+102.078,+113.362,+95.884,+45.480,+100.078,+127.623,+74.304,+37.199,+98.669,+102.650,+110.724,+95.359,+100.009,+101.720,+98.625,+100.472,+104.913,+95.082,+100.276,+104.942,+102.922,+101.234,+97.190,+100.588,+103.393,+99.311,+96.765,+99.944,+99.131,+103.934,+98.874
0,120,+53.390,+55.412,+12.920,+100.885,+110.850,+85.737,+11.413,+88.667,+93.674,+95.028,+102.994,+61.613,+134.650,+48.981,+99.170,+102.826,+50.300,+124.145,+74.481,+111.151,+95.605,+103.570,+104.862,+95.347,+102.547,+104.868,+101.873,+101.004,+100.030,+98.783,+98.394,+104.876,+96.809,+99.214,+99.504,+99.693,+95.884,+101.735,+96.514,+95.230
0,121,+73.296,+130.047,+45.366,+82.748,+107.834,+81.074,+112.567,+79.519,+147.925,+80.728,+80.290,+114.324,+30.630,+75.674,+86.219,+126.691,+136.970,+57.584,+130.036,+76.741,+99.593,+95.165,+102.454,+102.814,+101.256,+102.683,+98.389,+104.826,+100.000,+100.882,+98.895,+104.004,+100.197,+104.810,+97.112,+100.105,+96.452,+100.278,+104.495,+98.193
0,122,+60.187,+40.631,+111.118,+57.799,+44.994,+93.439,+74.927,+90.281,+94.702,+116.916,+98.597,+69.727,+52.501,+43.146,+100.403,+75.242,+111.661,+95.007,+89.851,+115.702,+101.589,+96.186,+102.488,+102.121,+98.294,+104.655,+104.145,+97.686,+102.440,+99.770,+95.760,+104.426,+97.074,+103.636,+96.631,+97.526,+97.959,+99.878,+103.889,+100.043
0,123,+51.691,+11.726,+62.433,+154.325,+93.344,+109.728,+132.980,+76.960,+90.926,+55.792,+144.854,+103.629,+113.869,+67.348,+115.905,+96.434,+82.606,+69.790,+74.250,+109.982,+98.241,+102.529,+104.687,+102.045,+100.148,+98.950,+102.504,+101.470,+102.338,+104.185,+98.456,+100.487,+104.159,+101.346,+98.381,+97.504,+100.267,+96.385,+102.141,+95.066
0,124,+142.512,+128.624,+125.563,+52.575,+28.642,+67.173,+39.239,+81.026,+189.242,+87.675,+37.487,+104.356,+38.873,+138.661,+98.544,+105.525,+98.835,+14.044,+97.416,+52.026,+101.389,+96.504,+99.911,+102.955,+95.667,+100.404,+103.401,+95.709,+100.802,+97.730,+95.725,+99.634,+102.347,+99.680,+103.902,+103.966,+98.903,+95.752,+103.702,+98.925
0,125,+80.524,+95.407,+98.742,+86.121,+86.802,+59.405,+85.343,+83.964,+57.360,+110.736,+72.582,+61.503,+74.974,+26.721,+97.571,+133.717,+129.219,+68.138,+145.104,+134.103,+96.172,+103.914,+97.817,+102.838,+102.968,+96.579,+99.367,+98.832,+104.651,+99.598,+99.984,+96.706,+96.137,+98.566,+95.235,+100.660,+104.353,+103.787,+104.178,+95.866
0,126,+60.446,+122.303,+53.603,+99.367,+83.625,+30.353,+95.978,+25.575,+42.765,+117.263,+145.170,+83.381,+145.625,+94.720,+91.699,+74.016,+103.894,+70.643,+76.694,+63.326,+101.847,+100.283,+101.434,+98.269,+102.053,+96.971,+95.760,+96.939,+99.291,+99.296,+102.231,+104.937,+103.365,+98.689,+101.282,+103.977,+97.304,+100.061,+99.351,+97.399
0,127,+105.425,+85.293,+124.308,+113.500,+122.326,+69.375,+156.303,+56.177,+107.063,+134.022,+162.854,+134.125,+120.399,+60.122,+109.196,+133.858,+86.087,+124.726,+50.671,+55.324,+97.579,+104.774,+97.254,+102.157,+104.054,+98.725,+102.514,+103.658,+95.797,+99.197,+102.076,+95.119,+97.893,+98.076,+103.101,+102.314,+101.090,+99.953,+100.565,+99.904
0,128,+51.738,+89.426,+115.172,+89.906,+156.995,+71.590,+82.427,+29.828,+129.304,+84.987,+126.109,+110.074,+115.701,+112.006,+82.674,+107.892,+138.490,+49.915,+69.446,+87.184,+103.766,+102.527,+99.730,+99.591,+103.299,+103.566,+102.959,+98.967,+99.545,+102.504,+100.443,+104.647,+104.290,+104.889,+102.758,+97.493,+96.124,+97.189,+100.106,+97.548
0,129,+130.900,+147.011,+92.445,+101.155,+69.403,+53.243,+89.155,+91.905,+89.614,+88.292,+85.149,+73.009,+124.306,+104.492,+43.637,+98.389,+138.809,+53.550,+147.372,+47.728,+99.134,+104.058,+95.529,+95.750,+102.933,+98.903,+97.639,+95.873,+100.114,+99.861,+99.564,+98.241,+97.542,+104.731,+95.276,+102.171,+103.053,+96.532,+103.685,+102.061
0,130,+109.286,+80.173,+114.836,+91.854,+57.079,+49.555,+89.210,+55.756,+80.597,+115.635,+77.037,+25.847,+97.313,+90.214,+88.389,+28.917,+61.072,+151.392,+90.015,+61.017,+99.955,+101.824,+98.503,+96.331,+97.546,+104.024,+95.262,+104.704,+98.144,+102.760,+97.529,+99.137,+100.397,+98.351,+103.322,+100.009,+97.636,+103.221,+95.313,+95.733
0,131,+51.368,+36.929,+129.384,+103.245,+56.153,+88.181,+73.573,+11.787,+65.195,+71.953,+64.569,+111.857,+94.601,+67.425,+65.950,+116.269,+85.829,+118.097,+86.044,+69.225,+102.225,+101.812,+98.607,+102.692,+96.072,+100.014,+97.010,+96.869,+99.312,+101.526,+102.271,+104.404,+100.808,+96.888,+104.678,+95.093,+102.210,+97.944,+96.911,+97.682
0,132,+86.725,+87.336,+64.385,+56.837,+105.730,+104.106,+129.634,+85.480,+68.463,+82.196,+120.051,+58.751,+91.316,+83.316,+85.302,+129.903,+101.373,+110.902,+39.722,+84.691,+102.621,+103.623,+104.220,+97.039,+103.061,+95.005,+99.117,+96.013,+98.060,+97.207,+100.120,+100.623,+101.022,+102.823,+100.840,+98.605,+98.681,+103.362,+101.172,+99.189
0,133,+68.856,+98.050,+62.458,+131.220,+58.786,+129.761,+117.867,+159.083,+98.829,+138.881,+102.311,+122.505,+94.918,+95.991,+74.353,+29.975,+57.252,+78.388,+117.666,+119.765,+103.844,+102.593,+96.230,+96.667,+103.946,+99.442,+96.248,+96.515,+98.136,+97.214,+102.678,+95.705,+95.642,+97.061,+97.068,+104.779,+97.952,+97.778,+97.775,+99.352
0,134,+92.369,+68.342,+100.952,+119.071,+52.021,+41.371,+58.491,+49.596,+75.172,+99.875,+73.160,+28.222,+111.239,+62.955,+129.318,+39.958,+139.418,+94.324,+109.317,+79.840,+95.619,+98.909,+103.714,+102.764,+101.675,+100.508,+104.919,+100.930,+102.377,+103.175,+101.575,+98.592,+103.191,+102.255,+103.647,+98.034,+102.842,+97.770,+97.064,+98.376
0,135,+56.447,+112.314,+37.240,+138.915,+101.341,+63.576,+110.688,+109.288,+21.452,+122.820,+86.677,+173.713,+86.624,+97.220,+105.798,+129.901,+117.744,+99.727,+110.855,+74.788,+95.148,+103.026,+104.126,+100.957,+98.189,+98.288,+101.694,+104.588,+96.962,+98.130,+99.767,+101.445,+104.877,+95.623,+98.273,+95.391,+103.888,+104.886,+98.787,+102.978
0,136,+93.718,+70.993,+94.085,+66.577,+85.959,+51.520,+68.621,+126.475,+120.831,+57.157,+32.601,+136.883,+177.207,+92.812,+150.642,+99.785,+58.500,+87.061,+113.756,+83.638,+103.043,+102.802,+103.947,+98.617,+99.389,+103.653,+104.591,+96.228,+95.024,+95.913,+99.980,+101.344,+96.573,+101.313,+101.366,+95.567,+100.530,+100.706,+97.123,+103.280
0,137,+61.250,+130.052,+102.949,+101.352,+113.116,+73.205,+85.521,+100.861,+119.952,+81.691,+107.944,+54.003,+130.918,+58.224,+52.555,+119.609,+52.478,+119.524,+93.082,+106.954,+100.566,+96.251,+100.268,+102.366,+99.393,+99.611,+95.030,+96.182,+98.915,+102.733,+101.595,+98.235,+102.454,+97.890,+101.333,+103.919,+103.680,+104.211,+98.385,+97.205
0,138,+62.463,+134.386,+127.712,+146.655,+142.552,+91.090,+65.758,+113.481,+87.592,+115.491,+61.374,+29.824,+119.303,+89.695,+144.060,+13.065,+110.360,+79.765,+82.856,+86.872,+95.645,+104.900,+102.603,+95.807,+101.850,+96.405,+95.007,+98.648,+97.810,+104.941,+98.023,+96.814,+96.456,+100.450,+99.051,+95.394,+101.245,+98.034,+101.459,+101.831
0,139,+94.786,+126.977,+56.644,+35.288,+103.518,+82.118,+65.156,+93.602,+77.335,+77.999,+93.817,+140.444,+149.993,+86.374,+61.961,+72.085,+54.985,+90.787,+88.329,+38.991,+98.745,+95.743,+96.504,+102.640,+104.107,+99.546,+99.961,+102.923,+98.990,+102.272,+101.387,+101.610,+95.592,+98.677,+104.983,+101.795,+104.785,+96.266,+97.106,+95.891
0,140,+100.236,+43.235,+97.728,+119.817,+118.346,+74.831,+88.341,+80.538,+101.344,+121.312,+90.195,+83.032,+44.948,+51.211,+98.223,+140.038,+120.697,+98.677,+97.827,+165.329,+104.696,+97.981,+98.371,+104.268,+96.609,+96.830,+100.525,+104.671,+100.636,+101.558,+99.558,+97.203,+103.159,+100.490,+99.971,+96.668,+97.638,+101.358,+95.501,+104.889
0,141,+41.791,+106.896,+54.882,+94.848,+48.638,+124.623,+132.166,+62.880,+100.462,+79.381,+112.220,+87.980,+35.804,+97.277,+114.546,+95.343,+145.887,+73.455,+69.754,+89.634,+100.027,+103.817,+96.207,+95.397,+103.191,+99.735,+95.899,+103.352,+100.474,+100.701,+96.308,+98.949,+95.961,+99.233,+98.776,+98.187,+98.943,+96.988,+96.651,+97.305
0,142,+138.924,+72.634,+104.453,+101.635,+98.508,+147.824,+86.617,+36.862,+63.534,+104.788,+91.382,+44.170,+103.412,+41.201,+137.214,+93.782,+83.116,+80.092,+99.295,+75.535,+100.479,+95.073,+99.537,+104.261,+99.589,+102.965,+104.301,+104.558,+99.328,+99.178,+98.844,+101.220,+100.363,+98.282,+95.457,+97.182,+95.257,+97.142,+95.460,+95.524
0,143,+61.010,+100.093,+74.919,+108.869,+76.114,+82.316,+45.065,+58.330,+127.105,+88.629,+77.161,+74.901,+56.554,+30.746,+107.943,+57.054,+91.373,+103.856,+106.915,+121.585,+95.239,+98.405,+97.452,+101.950,+97.168,+104.247,+104.474,+99.157,+102.329,+103.692,+101.749,+97.774,+102.603,+99.065,+98.687,+96.822,+100.793,+104.832,+98.054,+96.798
0,144,+110.175,+64.273,+117.017,+59.484,+95.195,+108.906,+58.487,+51.031,+28.980,+80.731,+99.516,+84.694,+75.810,+111.904,+104.896,+63.158,+50.850,+124.631,+131.814,+65.901,+99.035,+95.424,+102.787,+104.467,+100.123,+104.954,+100.149,+96.472,+95.648,+96.580,+104.509,+97.440,+95.879,+96.515,+103.857,+96.971,+103.422,+104.160,+99.004,+99.752
0,145,+100.802,+84.552,+144.652,+72.734,+94.085,+99.771,+81.005,+138.761,+95.375,+87.126,+96.253,+89.743,+104.229,+97.954,+90.247,+94.109,+90.643,+94.008,+184.401,+112.540,+99.137,+102.258,+97.880,+100.996,+99.147,+96.167,+104.419,+97.830,+102.214,+102.600,+96.980,+99.941,+97.690,+95.894,+96.055,+104.073,+97.998,+98.280,+95.232,+104.502
0,146,+62.016,+73.871,+176.329,+81.293,+104.971,+89.125,+134.403,+124.931,+62.284,+132.646,+85.204,+89.014,+128.851,+46.388,+114.094,+114.640,+131.352,+67.251,+134.525,+112.443,+95.849,+95.858,+100.527,+102.554,+101.130,+103.402,+100.014,+103.351,+103.646,+102.597,+103.537,+103.922,+104.167,+100.917,+103.861,+103.035,+103.471,+96.208,+104.713,+95.999
0,147,+98.929,+49.582,+113.470,+118.165,+121.451,+127.330,+66.286,+96.532,+83.085,+101.425,+105.126,+100.732,+148.660,+124.695,+99.853,+78.788,+81.215,+121.352,+108.052,+114.925,+104.631,+104.787,+104.033,+100.834,+98.196,+104.465,+104.155,+98.973,+97.520,+101.072,+101.342,+101.703,+97.566,+103.352,+103.336,+100.739,+102.886,+98.660,+98.002,+99.346
0,148,+122.872,+52.849,+68.908,+96.585,+89.333,+81.033,+69.717,+105.666,+85.316,+96.235,+92.340,+92.980,+90.183,+96.307,+82.230,+95.180,+118.058,+96.398,+64.011,+39.819,+103.663,+98.787,+101.065,+102.584,+97.645,+96.685,+102.398,+97.514,+103.832,+97.959,+99.542,+102.009,+103.845,+97.520,+102.017,+99.892,+95.912,+98.284,+100.935,+104.410
0,149,+101.335,+67.240,+124.115,+15.679,+94.042,+80.315,+55.728,+66.003,+121.848,+77.336,+132.012,+52.089,+75.057,+160.434,+60.117,+140.497,+89.054,+90.526,+85.324,+56.302,+95.394,+96.952,+104.378,+103.565,+104.671,+104.677,+98.780,+95.371,+101.005,+96.732,+96.218,+101.621,+100.606,+98.302,+102.607,+104.832,+102.087,+104.232,+97.295,+102.794
0,150,+101.323,+43.512,+26.493,+57.168,+100.285,+44.262,+91.065,+93.169,+113.994,+100.244,+79.567,+108.210,+48.412,+51.351,+74.465,+61.284,+124.974,+148.335,+90.316,+89.814,+97.366,+98.886,+95.822,+101.652,+97.716,+100.889,+98.054,+96.348,+98.501,+104.721,+96.377,+102.470,+104.832,+104.532,+97.646,+100.571,+97.418,+104.596,+100.619,+100.634
0,151,+74.040,+80.060,+79.422,+91.787,+117.482,+104.338,+110.134,+70.195,+57.134,+114.641,+42.987,+116.348,+177.813,+89.189,+123.574,+110.982,+59.597,+101.482,+90.879,+81.853,+97.210,+100.177,+100.898,+96.780,+102.347,+103.822,+96.827,+103.120,+103.317,+96.000,+95.546,+98.062,+101.975,+95.651,+101.750,+95.532,+100.311,+102.446,+100.856,+103.794
0,152,+113.084,+56.076,+127.135,+127.794,+130.585,+131.071,+76.986,+129.410,+143.769,+45.521,+97.047,+112.455,+120.793,+75.667,+83.556,+125.373,+97.256,+115.240,+74.585,+113.369,+95.603,+100.031,+96.878,+104.736,+101.405,+98.333,+96.275,+95.883,+99.616,+97.096,+103.469,+96.062,+103.021,+98.739,+104.648,+99.032,+103.511,+104.732,+103.218,+96.537
0,153,+79.919,+88.398,+84.827,+112.616,+85.568,+105.764,+67.736,+54.619,+54.092,+92.416,+112.874,+96.433,+86.638,+127.909,+103.791,+73.216,+78.220,+98.047,+26.694,+68.471,+100.342,+98.333,+100.910,+98.513,+95.689,+102.311,+98.334,+103.840,+103.471,+95.912,+100.739,+104.681,+99.149,+98.103,+95.156,+96.837,+99.638,+101.742,+97.516,+102.096
0,154,+56.868,+46.961,+71.984,+83.131,+59.323,+102.830,+65.894,+110.630,+83.118,+61.403,+79.332,+74.671,+48.759,+143.643,+76.150,+92.362,+43.557,+72.871,+139.979,+45.691,+102.433,+100.410,+104.135,+103.724,+102.791,+97.928,+100.932,+100.576,+101.902,+98.609,+98.180,+95.114,+100.827,+97.526,+99.275,+103.085,+97.891,+100.873,+104.547,+97.121
0,155,+113.003,+109.996,+62.534,+102.041,+116.466,+55.780,+124.958,+82.520,+17.788,+103.359,+112.053,+125.038,+49.798,+134.115,+98.361,+87.491,+71.896,+87.350,+121.772,+147.736,+97.576,+102.592,+101.947,+99.706,+99.325,+97.821,+103.551,+95.384,+104.572,+102.607,+104.936,+101.298,+95.949,+99.780,+104.682,+99.173,+95.657,+104.478,+103.838,+104.651
0,156,+148.656,+163.702,+101.343,+117.109,+120.850,+53.521,+96.501,+121.570,+83.204,+69.811,+102.016,+62.128,+60.224,+55.277,+79.124,+50.735,+132.514,+67.185,+68.198,+41.136,+103.758,+95.794,+95.271,+98.206,+104.634,+95.940,+95.482,+97.840,+102.861,+103.006,+100.750,+96.368,+103.202,+100.697,+97.621,+102.174,+97.433,+96.050,+96.424,+100.275
0,157,+66.317,+130.639,+99.833,+74.973,+79.385,+143.270,+72.677,+109.772,+156.865,+112.910,+137.240,+42.929,+131.185,+146.962,+34.962,+148.077,+28.903,+38.471,+117.690,+112.798,+100.547,+97.400,+104.858,+98.652,+104.694,+104.357,+98.533,+103.582,+100.622,+100.757,+99.909,+100.001,+103.565,+102.239,+101.338,+95.744,+99.067,+99.305,+104.089,+97.237
0,158,+66.484,+111.929,+47.991,+72.790,+33.144,+81.592,+103.324,+115.301,+102.155,+119.685,+109.711,+73.303,+122.372,+129.948,+161.834,+109.503,+95.672,+82.350,+121.365,+71.073,+100.424,+100.281,+96.993,+104.774,+101.102,+95.327,+98.835,+99.724,+101.686,+98.347,+102.567,+102.351,+95.924,+103.424,+102.220,+104.846,+101.485,+96.862,+96.551,+102.515
0,159,+68.904,+99.155,+75.583,+80.235,+97.184,+89.943,+78.068,+160.774,+102.166,+74.146,+89.919,+73.552,+86.167,+117.907,+95.347,+104.538,+65.223,+76.854,+107.165,+50.148,+98.261,+99.216,+95.669,+98.144,+96.056,+103.459,+104.013,+100.098,+95.103,+97.328,+100.422,+97.497,+95.871,+102.033,+103.417,+104.186,+104.773,+96.319,+99.453,+100.056
0,160,+137.043,+64.593,+72.883,+13.050,+76.417,+121.631,+53.079,+63.272,+74.192,+111.193,+127.351,+145.375,+123.123,+87.037,+89.113,+43.656,+23.098,+87.949,+80.189,+114.705,+101.318,+100.023,+95.524,+99.980,+103.197,+97.360,+101.938,+100.058,+97.129,+95.106,+102.611,+104.066,+102.141,+100.934,+99.771,+101.969,+102.278,+102.357,+102.363,+99.472
0,161,+70.785,+60.497,+116.756,+144.906,+35.648,+103.300,+87.102,+110.810,+124.570,+90.250,+134.267,+126.337,+119.356,+49.136,+112.954,+79.724,+64.367,+85.717,+89.104,+69.254,+104.170,+98.299,+99.094,+104.276,+103.607,+102.532,+103.286,+101.643,+98.294,+101.993,+95.044,+102.285,+104.462,+103.274,+101.334,+98.052,+102.411,+100.634,+102.651,+101.724
0,162,+117.299,+47.864,+74.905,+114.192,+133.293,+74.830,+112.363,+44.688,+20.870,+98.278,+99.436,+76.345,+142.491,+67.206,+140.574,+163.532,+118.518,+110.381,+93.159,+98.056,+104.714,+98.729,+97.423,+104.235,+103.940,+96.422,+101.252,+98.283,+100.765,+104.973,+100.698,+103.324,+100.058,+98.575,+104.168,+104.421,+96.325,+101.653,+98.035,+98.147
0,163,+126.285,+125.738,+46.977,+94.844,+91.094,+120.661,+66.130,+80.100,+87.546,+83.776,+70.683,+107.928,+77.704,+90.832,+86.648,+73.635,+96.938,+95.064,+90.181,+91.978,+104.750,+101.022,+104.287,+102.307,+103.440,+100.145,+102.251,+96.986,+102.715,+98.760,+98.542,+100.615,+103.113,+96.619,+97.804,+101.477,+97.913,+104.097,+98.584,+96.933
0,164,+37.686,+104.171,+45.459,+129.594,+70.826,+173.771,+100.485,+34.720,+27.670,+68.310,+55.961,+105.111,+117.423,+104.606,+98.325,+123.041,+75.998,+121.676,+100.709,+60.030,+102.490,+95.343,+101.971,+98.058,+101.049,+99.626,+103.868,+98.526,+104.746,+99.194,+104.721,+98.959,+97.267,+98.001,+100.039,+99.828,+99.544,+97.451,+102.529,+96.185
0,165,+74.821,+120.128,+56.857,+144.101,+53.464,+107.074,+154.133,+92.265,+113.659,+81.094,+79.707,+54.906,+97.609,+100.808,+82.770,+76.891,+117.816,+99.307,+93.302,+100.189,+98.749,+97.850,+101.674,+102.018,+101.475,+99.762,+95.302,+97.094,+104.645,+100.489,+101.763,+95.952,+97.119,+104.270,+96.197,+98.179,+103.971,+102.909,+100.443,+104.306
0,166,+74.954,+114.801,+118.032,+85.455,+79.727,+85.732,+45.278,+133.801,+85.194,+6.030,+45.092,+82.854,+101.324,+97.104,+134.016,+103.560,+73.667,+84.937,+148.776,+94.047,+97.444,+100.777,+96.860,+96.152,+96.659,+103.029,+100.301,+103.708,+100.643,+98.920,+97.128,+95.766,+95.378,+99.081,+99.995,+102.916,+103.456,+102.642,+100.254,+104.970
0,167,+83.790,+84.179,+46.590,+102.071,+89.539,+97.226,+160.342,+60.556,+61.173,+114.956,+75.746,+156.149,+67.652,+81.990,+78.203,+114.206,+118.101,+88.164,+113.260,+116.065,+103.457,+101.051,+98.289,+97.034,+100.205,+104.595,+98.659,+96.967,+102.365,+98.770,+104.663,+96.807,+99.265,+104.540,+102.327,+97.627,+97.370,+102.562,+104.625,+97.492
0,168,+131.687,+112.662,+88.026,+111.844,+72.812,+101.485,+117.876,+130.809,+95.620,+37.270,+92.855,+129.452,+110.790,+114.445,+50.577,+122.107,+73.201,+112.701,+100.578,+55.594,+104.783,+103.234,+95.488,+99.313,+97.002,+103.184,+101.422,+95.978,+97.493,+100.727,+102.196,+100.841,+98.313,+103.412,+104.418,+104.648,+97.264,+98.792,+104.955,+96.931
0,169,+72.398,+52.865,+53.550,+124.981,+75.934,+101.897,+2.873,+115.618,+117.160,+62.887,+73.595,+87.243,+76.803,+46.539,+66.230,+108.581,+65.423,+71.861,+84.448,+81.655,+95.993,+95.141,+100.203,+102.701,+98.700,+100.150,+104.087,+98.507,+98.675,+96.722,+104.824,+103.897,+99.667,+104.583,+99.182,+100.177,+95.278,+99.443,+101.550,+103.744
0,170,+59.936,+104.308,+57.195,+106.113,+79.325,+130.174,+86.793,+74.950,+105.809,+42.838,+55.581,+69.180,+79.883,+79.616,+66.308,+81.287,+79.459,+71.525,+80.103,+70.320,+104.565,+95.788,+103.875,+100.812,+101.487,+95.478,+99.453,+101.104,+96.494,+101.279,+99.501,+95.223,+99.704,+101.052,+103.264,+100.784,+104.671,+100.227,+99.793,+97.513
0,171,+77.146,+68.607,+90.001,+152.042,+28.681,+90.491,+87.612,+110.149,+51.825,+133.498,+105.086,+97.470,+27.784,+48.686,+108.133,+115.068,+44.036,+115.051,+49.817,+117.235,+104.753,+100.975,+103.419,+99.631,+101.996,+99.090,+97.928,+98.445,+103.537,+104.405,+96.123,+98.133,+100.732,+104.649,+95.271,+103.619,+96.459,+97.721,+104.291,+101.259
0,172,+67.313,+61.648,+78.562,+105.855,+111.211,+87.845,+40.767,+102.025,+43.132,+91.533,+134.196,+86.379,+84.968,+65.108,+115.829,+63.786,+83.083,+77.987,+84.124,+91.435,+104.642,+103.636,+104.660,+98.364,+103.967,+98.883,+101.195,+103.218,+97.384,+97.940,+101.340,+99.280,+103.594,+95.717,+102.687,+101.357,+102.758,+104.906,+99.536,+101.544
0,173,+105.499,+58.560,+65.492,+88.457,+127.210,+87.155,+71.833,+71.409,+64.288,+133.544,+90.449,+72.162,+53.395,+91.888,+82.276,+71.807,+82.663,+123.278,+81.842,+150.119,+103.049,+95.237,+98.080,+97.856,+104.226,+102.685,+99.212,+99.119,+104.485,+99.807,+103.582,+101.812,+100.406,+96.882,+104.129,+95.509,+102.892,+101.692,+102.594,+104.633
0,174,+82.785,+139.425,+66.394,+138.022,+125.546,+73.742,+100.405,+3.805,+95.536,+77.456,+40.224,+39.947,+104.177,+79.107,+81.828,+92.782,+100.513,+92.385,+67.653,+80.419,+100.216,+95.750,+99.506,+104.132,+103.415,+102.043,+95.281,+103.483,+103.077,+100.725,+98.543,+104.762,+103.931,+97.733,+104.300,+99.555,+97.105,+104.135,+104.033,+98.133
0,175,+87.242,+98.565,+31.985,+58.555,+141.083,+98.072,+104.966,+72.771,+27.397,+156.255,+165.560,+94.347,+76.675,+97.168,+104.064,+125.273,+173.826,+97.169,+102.660,+66.935,+95.138,+101.205,+102.458,+95.693,+96.696,+101.046,+98.254,+96.901,+102.848,+101.394,+96.780,+97.822,+104.259,+103.242,+100.894,+102.879,+103.855,+100.346,+99.286,+97.263
0,176,+69.114,+40.700,+81.840,+130.454,+78.715,+117.456,+97.652,+184.177,+97.003,+105.310,+67.832,+127.343,+93.905,+119.969,+96.877,+99.694,+115.977,+120.926,+94.754,+99.392,+103.582,+99.853,+99.015,+100.016,+103.722,+101.472,+97.589,+101.841,+100.120,+98.611,+98.318,+103.832,+101.033,+101.140,+101.813,+101.671,+102.771,+103.209,+97.645,+102.976
0,177,+83.010,+101.999,+79.674,+46.673,+96.349,+57.053,+52.300,+92.356,+58.395,+72.693,+93.270,+118.837,+117.615,+94.978,+117.141,+84.342,+126.394,+80.174,+57.239,+116.096,+98.699,+103.863,+97.310,+97.020,+102.542,+96.997,+95.130,+97.590,+104.012,+96.371,+101.224,+98.599,+100.062,+96.832,+98.397,+96.516,+95.196,+98.122,+97.654,+96.217
0,178,+139.141,+113.930,+99.107,+83.193,+70.631,+38.337,+126.974,+80.955,+127.546,+72.397,+105.537,+144.902,+96.524,+48.870,+95.152,+78.989,+108.974,+100.221,+52.439,+102.049,+96.713,+97.612,+103.402,+104.371,+95.976,+95.921,+96.061,+98.107,+100.947,+98.476,+96.311,+100.184,+102.102,+104.661,+99.374,+97.227,+98.368,+101.849,+98.796,+103.015
0,179,+147.071,+28.994,+56.228,+101.567,+110.822,+72.179,+73.542,+92.031,+43.745,+94.165,+119.795,+83.917,+148.133,+86.323,+43.016,+188.235,+70.818,+74.131,+138.254,+128.629,+96.570,+98.689,+97.359,+96.939,+100.797,+97.690,+96.014,+99.515,+103.844,+97.395,+101.401,+95.453,+101.465,+104.626,+98.036,+95.691,+101.180,+104.737,+96.332,+101.152
0,180,+84.461,+81.925,+64.947,+116.548,+116.352,+93.786,+137.295,+53.619,+61.007,+137.502,+118.702,+78.499,+56.578,+85.180,+113.485,+148.003,+117.017,+67.742,+95.374,+85.754,+100.656,+97.736,+104.644,+98.954,+96.834,+98.983,+103.806,+98.061,+95.818,+96.189,+97.778,+100.498,+98.260,+98.920,+102.787,+100.772,+98.095,+102.441,+104.559,+102.611
0,181,+83.737,+75.309,+124.085,+124.863,+133.690,+79.698,+83.645,+92.171,+37.428,+78.643,+83.228,+102.495,+76.151,+34.070,+79.918,+94.304,+97.140,+120.418,+83.361,+93.949,+103.289,+95.580,+97.392,+104.794,+100.030,+104.933,+96.859,+102.108,+99.646,+97.822,+103.251,+101.334,+95.050,+96.000,+104.808,+103.545,+96.844,+99.798,+101.729,+104.846
0,182,+104.267,+89.916,+28.907,+95.093,+104.211,+101.184,+135.433,+124.680,+83.517,+114.964,+29.373,+125.203,+140.137,+61.466,+70.012,+91.311,+106.148,+57.411,+100.338,+78.779,+100.178,+101.796,+99.307,+100.350,+104.442,+96.445,+101.565,+102.549,+104.128,+96.763,+100.331,+101.124,+100.853,+97.940,+96.962,+102.370,+99.499,+97.697,+98.559,+103.694
0,183,+98.915,+112.757,+112.799,+94.022,+129.251,+136.141,+83.000,+69.780,+143.830,+87.681,+87.536,+22.786,+107.803,+99.930,+99.887,+87.628,+126.759,+89.158,+128.878,+94.985,+98.199,+96.171,+98.458,+98.378,+96.880,+95.303,+100.838,+103.421,+103.533,+95.735,+96.641,+100.862,+96.690,+102.366,+97.256,+100.949,+100.988,+100.909,+101.213,+101.786
0,184,+53.318,+104.655,+69.923,+93.289,+121.127,+107.130,+54.787,+94.619,+92.379,+121.677,+54.829,+109.723,+140.010,+69.844,+70.290,+87.948,+67.647,+47.329,+108.157,+84.382,+96.875,+97.397,+97.335,+102.414,+104.343,+97.068,+95.198,+102.372,+102.392,+96.204,+95.116,+95.997,+99.203,+97.639,+101.103,+100.622,+96.363,+97.855,+99.788,+98.260
0,185,+99.157,+97.226,+85.438,+102.296,+81.583,+64.777,+128.858,+70.882,+80.574,+99.685,+45.226,+76.559,+124.497,+90.014,+142.341,+67.725,+117.837,+120.833,+126.090,+96.062,+99.260,+97.705,+103.263,+96.714,+101.736,+101.047,+102.322,+97.091,+103.524,+96.104,+101.935,+101.616,+100.160,+98.045,+99.154,+102.943,+100.026,+97.186,+97.182,+100.129
0,186,+76.417,+71.538,+98.035,+56.036,+127.724,+108.319,+158.796,+78.128,+141.044,+78.922,+87.526,+116.050,+88.324,+79.561,+58.899,+102.801,+84.854,+97.555,+55.108,+39.075,+97.807,+97.786,+104.424,+97.160,+100.238,+98.011,+102.495,+98.732,+100.559,+103.303,+97.753,+95.059,+103.171,+104.677,+95.833,+95.736,+100.078,+95.623,+100.494,+99.210
0,187,+85.941,+82.738,+116.427,+97.996,+73.493,+134.805,+67.469,+145.046,+98.027,+45.644,+89.056,+94.006,+88.040,+67.761,+98.986,+162.674,+82.619,+57.972,+100.361,+126.759,+97.763,+104.151,+96.536,+95.735,+97.001,+100.670,+104.180,+96.878,+101.478,+95.508,+96.656,+96.687,+103.639,+96.839,+103.149,+103.550,+95.987,+102.276,+100.905,+104.474
0,188,+90.626,+70.460,+144.683,+97.781,+114.943,+2.155,+75.728,+136.068,+111.078,+99.470,+106.469,+88.151,+118.345,+47.750,+66.463,+47.644,+49.554,+90.367,+70.804,+57.696,+102.443,+98.209,+104.897,+97.898,+104.267,+97.482,+101.863,+99.261,+102.625,+104.047,+102.110,+99.231,+95.060,+101.546,+99.737,+95.950,+97.069,+101.775,+97.809,+99.837
0,189,+93.618,+107.484,+204.341,+31.418,+128.505,+87.509,+79.742,+101.400,+84.241,+72.408,+86.575,+140.190,+69.178,+65.839,+53.645,+49.740,+102.082,+122.996,+171.576,+157.747,+96.254,+95.082,+103.433,+101.447,+96.073,+101.580,+98.072,+98.023,+95.450,+98.783,+103.456,+97.402,+99.571,+101.028,+97.197,+103.447,+104.854,+102.594,+98.348,+96.177
0,190,+20.787,+91.317,+77.978,+49.689,+85.428,+62.786,+106.567,+125.178,+72.201,+108.310,+66.596,+104.334,+96.331,+115.697,+65.749,+72.315,+85.604,+46.554,+81.732,+44.657,+100.302,+97.616,+102.654,+95.495,+104.267,+101.187,+104.740,+101.134,+102.476,+103.905,+101.719,+103.267,+100.880,+102.930,+95.674,+99.286,+102.565,+96.401,+103.206,+96.926
0,191,+81.386,+52.207,+43.204,+107.724,+70.215,+127.866,+114.738,+85.174,+95.674,+97.876,+69.633,+67.020,+86.572,+100.724,+105.573,+54.377,+92.560,+170.127,+42.897,+115.361,+100.023,+104.140,+95.254,+100.762,+103.472,+104.074,+95.236,+98.447,+96.412,+101.906,+103.718,+98.973,+98.032,+100.045,+102.701,+100.349,+101.614,+100.682,+103.200,+98.956
0,192,+63.288,+90.055,+84.402,+32.230,+64.246,+101.331,+118.581,+82.100,+28.164,+63.245,+134.707,+64.164,+95.073,+70.509,+126.942,+121.554,+62.063,+126.990,+92.965,+120.266,+97.996,+101.839,+95.597,+96.843,+104.111,+95.051,+97.549,+99.369,+95.236,+102.268,+103.495,+103.619,+96.919,+98.817,+103.647,+98.874,+95.557,+104.814,+103.569,+100.986
0,193,+118.586,+88.091,+106.758,+126.263,+82.953,+118.876,+120.127,+57.472,+83.489,+85.405,+91.464,+103.726,+102.688,+70.964,+73.896,+127.633,+157.782,+44.902,+65.613,+140.668,+97.058,+96.423,+97.090,+98.161,+98.469,+98.361,+104.988,+98.751,+98.655,+96.502,+100.270,+95.290,+101.722,+99.046,+96.684,+99.567,+100.686,+104.409,+95.030,+102.067
0,194,+102.673,+107.051,+63.136,+64.299,+88.185,+63.811,+115.078,+56.850,+100.255,+90.115,+104.608,+103.575,+106.491,+84.478,+61.263,+97.451,+143.099,+97.874,+104.438,+91.440,+102.029,+100.086,+100.883,+102.953,+102.682,+98.632,+97.240,+100.563,+97.105,+100.431,+95.315,+97.927,+100.057,+101.007,+101.553,+100.011,+102.641,+96.805,+101.937,+102.996
0,195,+170.867,+106.558,+63.209,+130.248,+76.740,+105.797,+91.385,+88.010,+84.083,+124.069,+107.599,+30.176,+139.264,+38.204,+123.880,+89.658,+107.714,+50.533,+114.754,+97.405,+101.335,+104.248,+101.222,+101.156,+99.586,+99.656,+102.057,+101.366,+104.211,+104.037,+98.792,+102.101,+103.147,+96.693,+95.122,+98.417,+100.046,+95.696,+96.466,+101.641
0,196,+88.035,+71.114,+81.845,+109.309,+90.373,+98.290,+85.002,+115.881,+139.334,+102.234,+100.773,+102.783,+102.864,+92.420,+113.524,+132.817,+49.882,+82.198,+74.402,+71.138,+96.104,+98.611,+104.529,+102.031,+100.974,+96.686,+101.279,+102.162,+103.233,+98.641,+104.952,+104.802,+96.008,+100.144,+100.798,+104.474,+96.812,+97.283,+101.912,+99.004
0,197,+110.886,+143.081,+60.867,+82.231,+92.415,+117.136,+8.819,+120.505,+81.763,+107.397,+47.145,+136.837,+86.320,+91.997,+82.299,+95.027,+69.448,+59.888,+101.182,+52.476,+98.112,+101.937,+95.313,+100.351,+96.823,+101.696,+98.440,+100.489,+102.191,+96.268,+96.473,+98.097,+100.431,+96.118,+97.788,+103.159,+97.516,+98.666,+98.219,+96.396
0,198,+69.013,+103.916,+89.757,+97.426,+103.616,+65.670,+85.485,+50.618,+40.748,+51.969,+82.171,+63.924,+108.806,+17.283,+73.062,+69.005,+92.655,+81.973,+110.080,+74.623,+100.749,+102.283,+96.502,+95.218,+95.319,+100.603,+103.333,+97.112,+97.096,+103.192,+95.597,+95.741,+99.555,+102.172,+97.819,+99.207,+97.021,+104.546,+100.440,+104.408
0,199,+112.119,+69.896,+153.220,+80.583,+103.113,+152.046,+31.149,+80.522,+73.660,+65.196,+89.464,+108.355,+68.771,+122.920,+70.188,+68.025,+123.988,+116.343,+129.476,+94.960,+101.548,+102.365,+101.404,+102.159,+102.532,+100.876,+96.779,+103.002,+104.358,+102.960,+104.316,+100.792,+101.580,+103.063,+102.387,+103.317,+100.449,+98.073,+102.904,+96.995
0,200,+72.015,+88.896,+94.968,+77.412,+72.307,+90.262,+120.811,+68.814,+90.822,+72.271,+102.586,+123.862,+114.683,+146.125,+55.841,+63.618,+86.810,+118.639,+124.456,+96.082,+97.399,+95.387,+95.330,+95.403,+101.877,+102.265,+102.673,+96.646,+102.838,+98.742,+95.693,+100.305,+103.579,+100.311,+97.491,+103.955,+96.419,+103.500,+98.234,+98.642
0,201,+63.332,+79.380,+98.438,+90.563,+120.917,+106.153,+129.337,+62.693,+74.650,+144.634,+76.464,+67.371,+65.629,+63.962,+77.143,+76.973,+112.456,+71.196,+68.758,+68.660,+102.051,+101.439,+101.196,+100.983,+96.761,+100.333,+103.736,+97.062,+102.760,+103.634,+97.686,+99.034,+95.207,+96.597,+97.841,+95.088,+99.243,+101.035,+100.778,+102.610
0,202,+98.470,+61.735,+51.698,+88.167,+29.925,+76.549,+76.232,+104.437,+63.447,+88.170,+102.436,+56.341,+82.530,+128.630,+57.678,+114.938,+82.285,+137.893,+76.224,+140.204,+97.205,+100.671,+102.033,+102.205,+95.451,+97.002,+96.401,+103.564,+100.146,+100.226,+104.550,+101.714,+102.298,+95.143,+99.927,+101.181,+101.566,+101.076,+103.038,+99.663
0,203,+116.705,+91.387,+103.462,+113.104,+92.263,+132.008,+23.124,+103.500,+90.045,+96.502,+78.310,+104.378,+23.862,+103.511,+60.431,+128.561,+65.458,+106.186,+77.434,+119.378,+99.641,+104.065,+104.107,+104.034,+104.830,+97.603,+96.592,+100.136,+100.299,+96.364,+104.557,+100.857,+96.374,+100.722,+100.089,+99.005,+95.408,+95.575,+95.233,+101.966
0,204,+85.874,+81.026,+67.585,+20.599,+167.322,+126.453,+98.731,+119.622,+85.401,+139.171,+85.863,+81.176,+104.950,+63.320,+85.465,+117.826,+83.193,+96.058,+128.279,+91.193,+99.286,+96.687,+101.103,+101.839,+100.201,+96.266,+103.891,+102.319,+97.129,+100.786,+95.917,+102.906,+99.576,+100.721,+96.488,+103.902,+104.840,+104.675,+102.827,+104.199
0,205,+132.805,+49.764,+88.270,+85.178,+93.954,+45.930,+79.906,+125.019,+51.720,+32.636,+124.658,+58.130,+88.578,+127.887,+103.074,+111.091,+72.486,+54.284,+69.148,+71.167,+98.467,+100.137,+101.083,+97.851,+95.632,+103.939,+102.894,+101.517,+100.558,+100.998,+102.944,+99.065,+103.360,+104.786,+102.793,+100.918,+96.733,+101.544,+99.598,+102.806
0,206,+114.089,+109.279,+110.833,+100.428,+102.285,+93.360,+50.391,+106.776,+99.545,+140.018,+50.755,+87.814,+54.971,+114.678,+108.958,+121.502,+75.914,+118.832,+160.590,+96.001,+102.162,+95.973,+99.503,+103.855,+99.145,+99.658,+100.336,+102.907,+101.775,+101.813,+100.942,+96.927,+97.713,+101.725,+99.143,+100.649,+96.154,+104.036,+98.429,+97.420
0,207,+41.552,+94.213,+47.128,+68.521,+97.447,+101.938,+57.829,+64.825,+92.068,+187.395,+115.092,+143.352,+67.809,+71.625,+114.099,+83.201,+77.520,+99.601,+185.123,+65.669,+99.576,+101.647,+98.654,+98.657,+101.205,+100.978,+97.804,+95.587,+102.998,+101.734,+97.079,+100.373,+99.705,+104.681,+104.316,+103.089,+104.190,+103.923,+96.829,+104.666
0,208,+64.554,+101.400,+70.961,+72.057,+109.728,+99.944,+94.540,+65.132,+97.216,+38.160,+26.849,+81.984,+137.988,+94.868,+138.357,+75.125,+93.772,+24.709,+129.074,+90.836,+99.286,+97.349,+102.782,+100.067,+104.339,+104.341,+101.264,+98.425,+102.814,+100.481,+101.805,+97.745,+97.078,+95.526,+97.006,+103.512,+95.510,+97.665,+103.641,+96.120
0,209,+108.806,+77.367,+82.499,+115.916,+50.691,+44.455,+90.916,+84.409,+91.121,+65.502,+124.961,+73.894,+71.246,+89.403,+47.476,+33.815,+109.268,+101.836,+135.293,+85.667,+99.755,+103.885,+99.723,+104.086,+97.257,+101.136,+98.208,+104.886,+104.525,+100.401,+103.116,+103.088,+101.964,+96.132,+103.410,+99.542,+96.246,+100.055,+96.773,+97.852
0,210,+88.925,+85.149,+116.903,+79.405,+86.321,+137.929,+134.231,+86.145,+63.068,+104.516,+96.262,+75.609,+90.980,+129.762,+90.507,+140.645,+101.316,+153.768,+98.676,+115.092,+96.382,+103.623,+101.060,+98.824,+95.500,+95.569,+100.400,+95.074,+97.761,+101.854,+104.681,+103.713,+97.034,+100.821,+103.866,+102.332,+99.812,+104.761,+102.648,+104.931
0,211,+62.839,+72.043,+91.019,+107.339,+85.745,+70.204,+88.930,+125.712,+64.099,+118.234,+61.707,+111.735,+76.451,+43.367,+90.178,+49.141,+100.211,+55.482,+98.174,+66.906,+100.661,+99.510,+96.706,+100.191,+103.623,+98.703,+95.967,+103.566,+100.413,+99.542,+95.106,+102.509,+101.389,+104.235,+101.442,+97.262,+103.729,+95.154,+100.118,+103.312
0,212,+111.953,+112.382,+95.626,+29.348,+92.962,+112.239,+64.041,+108.066,+26.739,+114.749,+99.516,+74.188,+89.640,+107.315,+99.035,+121.913,+97.224,+58.536,+48.959,+143.604,+99.282,+104.951,+103.339,+98.374,+97.389,+99.163,+104.482,+98.493,+99.733,+101.592,+100.760,+99.660,+101.991,+99.688,+98.829,+101.710,+96.629,+103.018,+101.821,+95.276
0,213,+88.433,+105.941,+99.519,+84.063,+138.590,+76.375,+111.807,+46.656,+64.073,+76.332,+74.153,+73.321,+84.072,+97.517,+106.818,+117.180,+41.292,+100.476,+81.405,+83.104,+97.955,+103.832,+97.543,+102.903,+95.067,+102.272,+95.381,+104.308,+96.860,+99.712,+96.422,+96.843,+102.685,+99.159,+95.223,+103.183,+99.892,+95.187,+95.566,+100.404
0,214,+103.636,+53.277,+35.584,+60.729,+59.250,+50.228,+115.349,+24.406,+83.821,+47.684,+84.149,+49.335,+67.259,+84.836,+89.081,+48.921,+80.735,+83.961,+53.241,+40.766,+101.138,+104.014,+96.541,+98.632,+99.208,+97.428,+97.061,+101.870,+102.561,+103.696,+101.361,+103.152,+97.938,+104.546,+100.303,+97.826,+104.096,+100.490,+101.390,+104.563
0,215,+56.929,+63.228,+72.912,+95.256,+83.609,+83.343,+64.585,+102.752,+127.604,+62.690,+121.040,+116.862,+42.425,+69.010,+98.835,+86.605,+75.812,+24.028,+113.014,+113.066,+101.405,+97.500,+101.873,+96.850,+102.681,+95.788,+104.925,+103.780,+104.576,+101.575,+103.664,+97.216,+96.577,+100.989,+97.235,+96.610,+95.345,+104.584,+100.670,+102.221
0,216,+101.514,+136.091,+81.081,+68.549,+131.469,+82.776,+114.344,+50.127,+108.896,+68.449,+64.787,+116.500,+95.646,+104.930,+118.581,+34.802,+72.385,+67.106,+75.558,+125.925,+99.938,+99.505,+104.628,+98.505,+98.298,+96.410,+102.439,+104.191,+104.861,+98.929,+95.673,+97.306,+100.345,+97.092,+102.655,+100.928,+101.984,+99.971,+103.819,+101.815
0,217,+98.564,+51.902,+100.421,+52.550,+101.586,+118.522,+74.912,+77.050,+68.117,+110.693,+67.111,+132.784,+102.050,+70.941,+83.507,+93.964,+85.313,+90.214,+68.395,+78.606,+97.983,+102.459,+101.066,+104.260,+95.122,+103.413,+101.841,+96.712,+96.326,+99.275,+95.257,+102.578,+97.637,+101.233,+97.966,+103.373,+95.505,+104.944,+101.147,+100.635
0,218,+93.345,+130.083,+103.063,+63.058,+87.620,+80.981,+134.698,+99.887,+107.643,+80.709,+85.318,+116.162,+119.258,+52.015,+53.185,+98.934,+70.229,+95.925,+126.138,+109.329,+97.302,+100.280,+100.101,+98.642,+96.362,+103.033,+98.951,+95.933,+103.289,+96.532,+101.376,+96.352,+95.773,+98.907,+99.117,+95.900,+102.403,+96.215,+95.430,+98.438
0,219,+89.038,+122.047,+96.561,+99.477,+87.649,+38.191,+141.293,+60.616,+148.904,+113.302,+88.574,+60.979,+80.250,+108.354,+81.386,+100.982,+94.068,+73.359,+110.892,+61.658,+103.554,+97.235,+99.177,+96.387,+96.245,+95.548,+103.089,+95.614,+96.062,+101.612,+103.688,+102.920,+102.242,+101.882,+99.016,+97.756,+100.354,+103.444,+102.128,+101.248
0,220,+128.946,+108.048,+83.826,+83.989,+82.346,+152.916,+129.289,+75.913,+7.426,+116.071,+126.527,+125.398,+90.512,+74.176,+58.573,+86.222,+79.042,+61.037,+98.221,+99.839,+95.530,+100.727,+102.166,+104.670,+96.870,+101.463,+104.290,+97.939,+97.723,+95.703,+100.215,+96.018,+101.144,+98.881,+97.390,+96.800,+103.450,+98.338,+101.229,+100.289
0,221,+66.898,+141.133,+58.324,+67.119,+79.975,+48.073,+97.705,+110.715,+71.560,+151.529,+90.232,+105.847,+104.914,+111.400,+64.483,+102.409,+77.057,+53.435,+87.991,+60.626,+100.514,+100.431,+98.160,+102.607,+95.769,+101.780,+102.189,+95.051,+98.111,+98.280,+98.795,+101.919,+99.293,+102.423,+99.275,+99.617,+99.507,+104.630,+95.146,+98.960
0,222,+127.483,+154.661,+44.980,+41.899,+99.723,+55.288,+58.211,+103.502,+85.245,+68.669,+110.566,+82.073,+55.998,+66.643,+81.937,+98.071,+98.792,+80.697,+44.308,+73.854,+97.833,+103.716,+100.822,+102.978,+95.227,+100.400,+95.938,+97.545,+97.377,+98.992,+102.069,+96.470,+100.110,+97.585,+97.638,+99.420,+95.776,+95.247,+104.470,+101.400
0,223,+112.013,+116.881,+29.448,+86.804,+61.227,+53.008,+151.849,+87.412,+82.088,+67.986,+111.785,+87.550,+139.642,+114.323,+25.511,+17.797,+142.592,+87.726,+103.720,+105.717,+100.825,+101.228,+96.209,+95.988,+96.816,+102.671,+96.839,+102.653,+98.677,+102.660,+101.610,+100.107,+96.951,+102.828,+96.481,+101.271,+104.940,+103.106,+104.908,+95.738
0,224,+162.423,+92.612,+109.023,+53.034,+134.187,+95.139,+58.149,+95.168,+113.056,+128.981,+80.417,+67.856,+63.770,+149.737,+119.125,+70.544,+66.144,+125.454,+106.242,+109.662,+101.264,+99.093,+102.215,+103.270,+102.813,+99.297,+99.049,+103.164,+98.944,+97.789,+103.559,+98.288,+104.657,+99.229,+98.818,+99.825,+104.721,+97.396,+98.822,+103.938
0,225,+85.371,+55.643,+53.923,+69.961,+99.669,+101.852,+97.911,+120.969,+101.540,+60.860,+81.595,+108.163,+107.464,+65.157,+84.757,+113.538,+71.266,+91.005,+45.383,+127.439,+99.988,+99.503,+104.070,+97.668,+97.661,+96.053,+97.033,+96.077,+100.591,+100.992,+98.681,+97.409,+99.554,+101.855,+100.576,+99.089,+103.669,+97.924,+100.159,+101.832
0,226,+45.895,+35.801,+39.873,+138.462,+92.348,+110.465,+74.580,+105.490,+74.091,+82.415,+115.130,+77.627,+107.749,+119.247,+104.154,+126.340,+93.354,+59.147,+96.762,+76.055,+103.779,+104.547,+99.168,+100.065,+104.040,+95.821,+97.635,+101.207,+98.406,+98.189,+98.227,+95.986,+103.841,+98.193,+98.764,+102.422,+96.878,+96.264,+97.135,+104.143
0,227,+51.830,+93.250,+97.425,+57.100,+108.297,+41.409,+97.704,+165.180,+64.850,+82.045,+88.659,+71.124,+86.501,+111.584,+79.185,+57.089,+102.561,+136.846,+107.560,+83.521,+101.675,+101.599,+95.328,+104.335,+102.461,+99.854,+96.857,+100.439,+103.445,+104.360,+101.558,+95.977,+103.095,+104.946,+104.324,+97.729,+95.583,+102.815,+104.875,+102.065
0,228,+96.486,+78.843,+50.540,+83.777,+33.706,+76.685,+77.237,+90.878,+101.295,+78.931,+92.193,+108.040,+95.892,+47.487,+107.447,+111.314,+131.106,+78.031,+111.375,+85.798,+101.304,+100.513,+95.966,+104.737,+101.126,+98.944,+102.127,+102.258,+100.196,+101.902,+102.726,+104.832,+95.501,+96.973,+96.305,+98.841,+99.157,+100.630,+96.319,+95.538
0,229,+64.250,+107.572,+98.433,+121.901,+86.900,+112.076,+65.469,+118.837,+54.213,+30.147,+128.648,+90.170,+54.565,+40.490,+114.939,+118.204,+88.125,+109.996,+107.858,+62.441,+102.319,+103.507,+96.346,+104.249,+100.804,+96.879,+104.015,+96.641,+102.298,+104.451,+99.609,+102.424,+99.412,+101.779,+104.746,+100.911,+103.265,+100.226,+101.736,+104.769
0,230,+147.730,+75.977,+75.291,+101.409,+162.220,+129.424,+113.392,+25.568,+102.115,+54.634,+119.391,+135.616,+69.643,+82.241,+85.942,+122.350,+11.462,+58.244,+99.237,+73.169,+97.621,+104.165,+95.323,+102.165,+100.275,+102.842,+104.694,+95.639,+102.847,+100.054,+96.734,+96.114,+99.544,+104.865,+102.807,+101.430,+100.519,+104.963,+102.279,+102.469
0,231,+48.790,+105.273,+87.237,+126.616,+79.931,+89.047,+60.231,+103.399,+56.473,+83.554,+76.932,+85.024,+68.576,+111.239,+59.313,+115.753,+48.768,+94.489,+91.066,+112.083,+97.905,+101.672,+100.746,+99.363,+100.693,+103.535,+101.565,+104.479,+97.901,+102.595,+99.651,+104.543,+104.802,+98.268,+99.487,+97.540,+97.354,+100.193,+102.718,+97.160
0,232,+117.643,+72.477,+46.573,+115.162,+132.390,+100.435,+66.027,+75.403,+109.690,+72.743,+79.580,+112.493,+138.314,+112.672,+90.366,+135.070,+156.592,+68.958,+96.956,+135.531,+102.796,+103.001,+102.641,+98.670,+99.102,+96.687,+100.773,+99.703,+96.870,+99.773,+100.456,+98.945,+98.921,+104.758,+103.881,+99.209,+101.040,+102.234,+97.821,+99.097
0,233,+123.729,+98.264,+94.450,+56.843,+104.232,+115.806,+75.127,+138.081,+64.069,+144.819,+76.650,+76.973,+93.092,+115.968,+67.039,+111.058,+22.698,+96.410,+75.864,+76.660,+95.384,+97.753,+97.971,+96.571,+96.751,+100.214,+102.378,+100.912,+102.417,+100.047,+104.749,+103.279,+99.390,+103.376,+99.239,+97.328,+100.156,+98.238,+95.729,+95.678
0,234,+52.981,+115.303,+108.799,+57.824,+123.840,+66.676,+100.956,+89.667,+112.871,+63.166,+108.751,+117.758,+62.586,+101.487,+86.463,+36.902,+92.474,+105.473,+81.943,+46.196,+104.683,+95.142,+104.293,+97.635,+95.312,+101.132,+96.826,+104.981,+95.198,+99.586,+95.955,+97.151,+104.582,+101.384,+100.151,+104.817,+104.466,+98.183,+96.869,+102.927
0,235,+38.968,+86.932,+94.517,+79.056,+97.099,+96.772,+87.345,+59.700,+160.141,+54.231,+52.911,+141.967,+79.943,+120.256,+128.878,+75.849,+93.361,+114.186,+123.759,+113.944,+97.497,+99.978,+99.210,+102.369,+99.282,+99.268,+104.546,+104.349,+100.218,+104.037,+97.028,+97.590,+95.943,+104.053,+99.938,+96.588,+99.849,+95.705,+97.768,+96.765
0,236,+69.008,+133.565,+136.984,+141.746,+67.943,+100.806,+116.817,+75.872,+104.786,+94.541,+84.213,+126.494,+156.885,+78.040,+106.532,+109.893,+98.692,+36.990,+38.570,+76.376,+100.816,+100.852,+97.517,+99.557,+104.101,+97.005,+95.749,+104.013,+104.847,+104.764,+96.659,+102.915,+104.540,+102.060,+96.959,+102.693,+102.817,+102.308,+102.471,+98.671
0,237,+61.607,+103.366,+93.283,+85.658,+84.479,+61.041,+105.482,+111.640,+138.552,+95.485,+102.544,+91.405,+95.997,+116.171,+64.233,+38.753,+118.873,+99.104,+88.319,+110.084,+103.245,+97.145,+100.701,+104.650,+103.141,+103.275,+100.717,+95.634,+98.383,+100.715,+96.579,+96.636,+97.394,+100.203,+99.421,+98.333,+99.096,+98.668,+99.229,+101.960
0,238,+111.212,+106.635,+86.345,+107.118,+106.993,+85.743,+101.112,+113.941,+87.457,+118.406,+34.873,+61.958,+98.937,+55.830,+78.209,+31.752,+97.101,+58.432,+97.071,+114.480,+95.652,+99.476,+95.835,+102.738,+98.650,+99.999,+97.111,+98.501,+100.550,+102.001,+99.571,+104.038,+95.559,+103.439,+102.122,+104.687,+98.288,+99.161,+104.847,+99.798
0,239,+47.866,+45.291,+124.943,+102.069,+55.787,+118.338,+85.141,+68.045,+96.662,+154.065,+67.917,+123.300,+17.605,+130.729,+144.670,+112.638,+96.386,+92.471,+147.252,+87.940,+104.556,+97.699,+103.254,+101.370,+98.551,+96.128,+104.418,+100.809,+98.905,+96.508,+100.183,+102.963,+96.112,+95.685,+102.134,+98.635,+102.379,+98.376,+96.094,+102.512
0,240,+103.597,+40.827,+92.851,+89.012,+85.974,+75.699,+91.567,+23.827,+141.169,+111.190,+134.199,+118.858,+94.369,+91.968,+95.593,+76.486,+94.852,+106.571,+131.579,+87.824,+104.455,+100.587,+98.546,+102.556,+98.315,+101.966,+102.916,+100.883,+103.570,+96.462,+99.504,+102.338,+96.580,+104.305,+104.279,+96.642,+104.063,+101.344,+95.632,+95.078
0,241,+20.894,+107.872,+64.500,+118.426,+64.399,+29.727,+23.945,+67.056,+81.272,+62.915,+9.375,+56.350,+90.219,+54.864,+69.718,+89.384,+71.000,+55.885,+137.504,+77.445,+104.664,+95.966,+102.346,+103.189,+99.294,+97.462,+100.980,+97.438,+99.782,+96.053,+96.725,+95.243,+98.180,+99.721,+98.151,+97.437,+98.370,+102.494,+96.628,+98.585
0,242,+41.823,+92.485,+83.782,+120.083,+82.091,+100.081,+109.855,+41.995,+111.406,+108.189,+103.875,+53.173,+79.381,+109.231,+63.810,+53.900,+109.370,+53.474,+95.967,+103.608,+96.282,+95.678,+95.577,+96.108,+97.278,+99.890,+95.929,+101.667,+100.635,+104.489,+104.945,+101.320,+96.919,+100.025,+98.834,+97.719,+103.362,+98.801,+102.130,+98.085
0,243,+63.332,+41.676,+83.727,+141.798,+105.121,+119.919,+55.458,+54.545,+129.296,+64.813,+95.829,+100.303,+114.322,+115.470,+102.672,+120.263,+114.419,+106.567,+60.338,+116.145,+98.303,+98.687,+98.871,+97.192,+95.060,+95.824,+99.033,+100.276,+101.558,+103.704,+103.097,+100.115,+98.828,+100.640,+103.431,+99.099,+95.019,+95.430,+101.471,+98.618
0,244,+145.493,+141.430,+64.100,+45.720,+118.127,+61.158,+32.653,+132.070,+92.938,+75.773,+52.440,+68.124,+71.439,+49.569,+109.468,+162.128,+120.240,+43.579,+73.740,+120.882,+99.392,+98.587,+97.517,+96.164,+96.916,+96.596,+103.549,+96.245,+101.504,+97.094,+98.682,+100.941,+98.726,+104.506,+96.431,+95.867,+101.919,+98.607,+95.783,+98.495
0,245,+73.970,+64.961,+81.715,+73.009,+85.839,+72.589,+82.140,+134.983,+129.418,+90.947,+106.242,+71.963,+38.293,+80.098,+139.942,+37.316,+117.928,+128.553,+89.609,+33.521,+96.645,+96.292,+101.285,+104.835,+99.636,+95.465,+99.241,+100.145,+102.311,+101.309,+101.583,+100.111,+96.398,+104.178,+102.290,+97.295,+100.160,+99.065,+98.842,+98.143
0,246,+93.000,+76.333,+22.012,+122.836,+79.842,+101.146,+81.469,+67.405,+98.376,+78.842,+79.337,+108.816,+92.475,+96.472,+106.524,+77.889,+104.225,+97.458,+136.928,+97.656,+102.667,+98.544,+95.447,+96.039,+97.820,+97.235,+97.036,+102.068,+104.044,+102.246,+102.080,+96.137,+97.881,+99.710,+101.718,+99.440,+100.577,+95.758,+95.614,+95.111
0,247,+38.081,+64.634,+65.125,+60.803,+37.152,+50.265,+67.066,+100.433,+54.216,+162.057,+87.107,+119.543,+50.131,+101.666,+96.124,+72.611,+99.981,+149.228,+47.224,+67.760,+99.349,+104.263,+95.002,+100.617,+104.332,+100.554,+104.570,+100.440,+99.583,+97.283,+97.570,+100.438,+102.923,+95.478,+97.467,+101.013,+103.984,+103.655,+97.834,+101.718
0,248,+31.315,+125.667,+104.445,+104.903,+91.848,+124.133,+85.888,+97.723,+35.598,+63.650,+127.063,+70.692,+96.490,+82.466,+125.001,+87.260,+155.912,+108.288,+65.337,+102.769,+97.528,+100.469,+98.869,+103.888,+98.470,+97.197,+101.900,+103.837,+104.419,+96.651,+98.440,+98.668,+98.963,+102.566,+97.195,+97.711,+102.776,+101.295,+97.318,+102.217
0,249,+46.946,+43.418,+120.752,+91.747,+128.342,+45.388,+72.116,+89.654,+142.720,+67.817,+68.826,+64.403,+56.252,+123.330,+109.541,+80.047,+108.476,+119.226,+147.880,+71.415,+100.370,+100.583,+103.277,+102.514,+101.823,+96.928,+104.389,+95.530,+98.552,+98.881,+99.375,+97.005,+95.435,+99.977,+104.990,+95.733,+98.788,+102.880,+101.105,+100.071
